tree
version=v4
num_class=1
num_tree_per_iteration=1
label_index=0
max_feature_idx=36
objective=binary sigmoid:1
feature_names=signal_side signal_score signal_reason_count signal_reason_bucket_0 signal_reason_bucket_1 signal_reason_bucket_2 signal_reason_bucket_3 tf_1m_side_return_1 tf_1m_side_return_5 tf_1m_realized_vol_20 tf_1m_atr_pct_14 tf_1m_side_sma_gap_20 tf_1m_range_pct tf_1m_side_body_pct tf_1m_side_close_location tf_1m_volume_ratio_20 tf_1m_quote_volume_ratio_20 tf_5m_side_return_1 tf_5m_side_return_5 tf_5m_realized_vol_20 tf_5m_atr_pct_14 tf_5m_side_sma_gap_20 tf_5m_range_pct tf_5m_side_body_pct tf_5m_side_close_location tf_5m_volume_ratio_20 tf_5m_quote_volume_ratio_20 tf_1h_side_return_1 tf_1h_side_return_5 tf_1h_realized_vol_20 tf_1h_atr_pct_14 tf_1h_side_sma_gap_20 tf_1h_range_pct tf_1h_side_body_pct tf_1h_side_close_location tf_1h_volume_ratio_20 tf_1h_quote_volume_ratio_20
feature_infos=[-1:1] [6:7] [6:11] [0:2] [1:6] [0:4] [0:3] [-0.0033301159654017809:0.0060839572642381601] [-0.0045718758303132656:0.0094392128052717128] [3.4579482275679708e-05:0.0033313929779574024] [9.5405146231448254e-06:0.0046891303998844325] [-0.0048868816196296905:0.0091097118086254092] [9.1557903512454861e-07:0.0072023392367235456] [-0.003330115965401872:0.0060839572642381783] [0:1] [0.11329352773602161:14.862662786233461] [0.11323660088034602:14.889956095480406] [-0.0068989140820778783:0.0094392128052717128] [-0.019396683111868818:0.014504266400784616] [0.00012298684668085344:0.0083107155497949437] [0.00010604156230043633:0.0092226503005006077] [-0.033932351008901129:0.020311891201942101] [1.1037296126380227e-06:0.015451923437090353] [-0.006898914082077847:0.0094392128052717111] [0:1] [0.14831702900120441:9.3897000074176908] [0.14909991644699294:9.4435087462251293] [-0.03475553258409958:0.030892420018546085] [-0.049708572810241103:0.048595700740225123] [0.0006664887634476145:0.017364095013455014] [0.0014015085813908798:0.032241473956276072] [-0.069937669119908286:0.073138990845755258] [0.00058394063895683451:0.038744172380303157] [-0.03475553258409967:0.030892420018546043] [0:1] [0.1121587209322026:9.8050504226251523] [0.11286872778326835:9.8370853936119769]
tree_sizes=1731 1758 1766 1749 1760 1749 1761 1771 1759 1754 1755 1762 1755 1751 1760 1761 1760 1752 1755 1758 1758 1756 1745 1745 1763 1762 1752 1763 1754 1752 1756 1761 1760 1759 1762 1756 1761 1755 1755 1767 1757 1755 1740 1752 1759 1744 1763 1747 1757 1759 1756 1768 1771 1753 1739 1756 1758 1768 1743 1767 1756 1756 1713 1762 1761

Tree=0
num_leaves=15
num_cat=0
split_feature=21 32 28 27 36 28 36 17 22 30 17 2 32 29
split_gain=25.4033 14.2677 17.8901 10.5503 9.52787 15.5303 15.8341 10.7943 14.5243 10.1744 10.1298 9.36612 7.70712 7.23003
threshold=-0.0012504327442274252 0.0023632164914469908 0.0099918279112291581 -0.00046781280853847024 0.69750091885022847 0.0042200141862766558 0.34307943209382197 -0.00077279754299686132 0.0018327954769732423 0.0084730841319091994 -0.00018202600481009854 9.5000000000000018 0.0050497329968217505 0.0052830284158659315
decision_type=2 2 2 2 2 2 2 2 2 2 2 2 2 2
left_child=3 -2 11 4 5 6 9 8 -8 -1 -9 13 -6 -3
right_child=1 2 -4 -5 12 -7 7 10 -10 -11 -12 -13 -14 -15
leaf_value=-0.67298394592902888 -0.66756662921382004 -0.64828517382482653 -0.67014087181480597 -0.61799192821344628 -0.67053002127748762 -0.66270019638243072 -0.66566523815538847 -0.59162998367354691 -0.61209795991226079 -0.6210009581363769 -0.6261829749848995 -0.60899693786469022 -0.64148581553034834 -0.63316256210317656
leaf_weight=7.9049466550350171 32.749064713716507 95.536926716566086 22.811417490243912 29.361230432987213 8.3566578924655897 10.16350284218788 7.6790910363197353 17.390882641077038 8.5825135111808759 4.5171123743057251 16.035748928785328 6.3239573240280142 66.175696283578873 39.298877656459808
leaf_count=35 145 423 101 130 37 45 34 77 38 20 71 28 293 174
internal_value=-0.642397 -0.649782 -0.646083 -0.63414 -0.637536 -0.629846 -0.624192 -0.616702 -0.637427 -0.653642 -0.607155 -0.642051 -0.645027 -0.643817
internal_weight=372.888 196.72 163.971 176.167 146.806 72.2738 62.1103 49.6882 16.2616 12.4221 33.4266 141.16 74.5324 134.836
internal_count=1651 871 726 780 650 320 275 220 72 55 148 625 330 597
is_linear=0
shrinkage=1


Tree=1
num_leaves=15
num_cat=0
split_feature=20 28 31 8 6 30 17 15 22 10 28 21 20 19
split_gain=18.0106 17.5803 13.5465 10.4166 8.54553 8.0391 8.55967 8.83766 8.63698 10.9691 7.83971 7.24958 7.06612 10.7423
threshold=0.00089931634235763697 0.0081079560068765839 0.02201765091463365 0.00064420977901030751 1.5000000000000002 0.012179098269082707 -0.00085420110794676141 0.61719050152047428 0.0020341831325298341 0.00079761697572871138 -0.0019934322789939558 -0.0012656129328375563 0.0021674693394933115 0.0010839063424695117
decision_type=2 2 2 2 2 2 2 2 2 2 2 2 2 2
left_child=10 2 3 4 -2 6 7 -6 -9 -10 11 -1 13 -8
right_child=1 -3 -4 -5 5 -7 12 8 9 -11 -12 -13 -14 -15
leaf_value=0.024502831610292489 -0.0061088125506676234 -0.013530902608550785 0.041784239621425114 -0.0030788620185986082 0.030695699317140578 0.038464239412400458 0.012342470844059497 -0.025469140173145978 0.036784785832494456 -0.0093027854803954708 -0.019861000313196986 -0.012901406167092786 -0.0026237562554137246 0.039126819978392215
leaf_weight=7.2639336735010174 25.960378721356392 46.356082201004028 8.3818267285823804 92.038765698671341 5.434345453977584 9.0889075100421888 59.021691590547562 13.294262439012526 5.676338583230975 14.266468256711958 48.779968112707138 9.6709159314632398 16.073624134063721 17.472919687628746
leaf_count=32 115 206 37 407 24 40 261 59 25 63 217 43 71 77
internal_value=0.000300467 0.0033145 0.00629317 0.00497336 0.00943985 0.0123604 0.0102527 -0.00151214 -0.00760858 0.00480198 -0.0138479 0.00344692 0.0151633 0.0189252
internal_weight=378.78 313.066 266.71 258.328 166.289 140.329 131.24 38.6714 33.2371 19.9428 65.7148 16.9348 92.5682 76.4946
internal_count=1677 1385 1179 1142 735 620 580 171 147 88 292 75 409 338
is_linear=0
shrinkage=0.03


Tree=2
num_leaves=15
num_cat=0
split_feature=21 27 32 28 30 29 15 11 18 27 21 19 28 31
split_gain=20.1003 13.5853 12.7064 12.029 9.65623 9.55557 13.1837 10.1153 11.2655 8.98815 9.79658 7.95135 7.14409 8.45629
threshold=-0.0012504327442274252 -0.0005191165373934491 0.0024368800772086581 0.0099918279112291581 0.01136964635161164 0.0052374933027647874 0.65755735716641983 0.0012686227733467728 4.4942503537814822e-05 -0.00013522664915677216 -0.0040226169086874366 0.00061423670688487224 0.0071322118215834127 0.019355207702225877
decision_type=2 2 2 2 2 2 2 2 2 2 2 2 2 2
left_child=1 12 -2 5 -5 7 -7 8 -4 -3 -11 -10 13 -1
right_child=2 9 3 4 -6 6 -8 -9 11 10 -12 -13 -14 -15
leaf_value=0.0040954889134091387 -0.022857339540287125 0.052710652214600417 -0.019092097414256787 -0.033955857649435227 0.010697390422614092 0.045899695860194475 0.0036861907512465925 -0.019732428626399786 0.026694607276521194 0.043391259527704173 0.00062691240624183973 0.00093647423434806316 -0.015193770653579656 0.041985823547276604
leaf_weight=128.70225155353546 34.78702187538147 7.3088447302579906 17.789457812905312 16.717659294605259 5.1271774917840949 7.285818174481391 36.077257096767426 28.626858860254288 13.710190579295157 6.1667790263891265 15.273760870099064 41.722809463739395 15.478260755538939 4.5773698240518561
leaf_count=568 156 32 79 75 23 32 159 127 61 27 67 185 69 20
internal_value=-0.000146148 0.00718817 -0.00661457 -0.00309854 -0.0233345 6.38927e-05 0.0117212 -0.00493585 0.000996483 0.0257196 0.0144461 0.00772051 0.00343887 0.00572212
internal_weight=379.352 177.507 201.844 167.057 21.8448 145.212 43.3631 101.849 73.2225 28.7494 21.4405 55.433 148.758 133.28
internal_count=1680 783 897 741 98 643 191 452 325 126 94 246 657 588
is_linear=0
shrinkage=0.03


Tree=3
num_leaves=15
num_cat=0
split_feature=9 11 30 36 35 28 29 10 8 31 28 24 11 30
split_gain=25.4692 16.0267 12.3538 10.4733 11.4604 11.4594 10.7745 9.05055 7.57672 7.90815 7.24828 6.98604 6.94958 6.44965
threshold=0.00030100721322748786 0.0012686227733467728 0.010192076911293903 1.7948519433789711 1.3668719894669106 0.0090689974604100127 0.0092186433980896692 0.001330646368711918 0.00068331352813982848 0.0091673402475349625 -0.0084635693179020404 0.55003068068810135 0.001513342363359649 0.011797443358750735
decision_type=2 2 2 2 2 2 2 2 2 2 2 2 2 2
left_child=-1 3 12 4 5 6 8 -4 13 10 -10 -6 -3 -2
right_child=1 2 7 -5 11 -7 -8 -9 9 -11 -12 -13 -14 -15
leaf_value=-0.014269570756987687 0.011283515718860097 -0.031068794271237581 0.030922865969344911 -0.011062837065580417 0.012048132547850386 -0.015377066801914717 0.041245018398169027 -0.0096853194841106556 0.017486329238942437 0.023612718954163964 -0.014385035815818242 0.062341200109428056 -0.0072226078896301844 0.039503534820727701
leaf_weight=77.689687892794609 114.35270237922668 14.819189831614493 10.457458183169367 20.305901676416397 5.4335207641124708 14.713582739233969 9.3987451642751676 7.8729972392320624 7.2467117160558692 8.2033558487892133 28.241320326924324 5.2132526487112045 40.929395779967308 7.1447533518075934
leaf_count=347 504 66 46 90 24 66 41 35 32 36 125 23 182 31
internal_value=0.000889491 0.00493568 -0.00704542 0.00899253 0.0110891 0.00923526 0.0114023 0.0137275 0.00944837 -0.00118852 -0.00749376 0.0401702 -0.0140501 0.0132764
internal_weight=372.023 294.333 74.079 220.254 199.948 189.301 174.588 18.3305 165.189 43.6914 35.488 10.6468 55.7486 121.497
internal_count=1648 1301 329 972 882 835 769 81 728 193 157 47 248 535
is_linear=0
shrinkage=0.03


Tree=4
num_leaves=15
num_cat=0
split_feature=21 32 33 28 24 15 34 28 11 28 17 8 35 33
split_gain=16.9114 15.0591 10.966 10.3803 8.24703 8.22952 7.68852 15.4249 12.1088 9.1006 9.4956 8.12302 7.99073 7.67844
threshold=-0.0012656129328375563 0.0023632164914469908 -0.00055507287812064259 0.0099918279112291581 0.42913868928412963 0.9598571596696287 0.19953591673766932 -0.0060705948759188213 0.00025243028850308052 -0.013565755050565008 0.00056952494248074814 -0.00038641976495024094 1.2611807837500406 0.0017002126046118467
decision_type=2 2 2 2 2 2 2 2 2 2 2 2 2 2
left_child=2 -2 6 4 13 -4 7 8 -1 -8 11 -11 -9 -3
right_child=1 3 5 -5 -6 -7 9 12 -10 10 -12 -13 -14 -15
leaf_value=0.036364532177268261 -0.023758703942983038 0.0028454262317991752 0.042952546077139241 -0.021989644203465442 -0.0031628847597166498 0.0099750867173154997 -0.029924466017110705 -0.0075130691317834945 -0.0013950276654104213 0.01586368564136912 0.034758696945938548 -0.011083285571014215 0.024960603887585087 0.03322747081731766
leaf_weight=23.075384333729744 34.36227460205555 21.45671184360981 10.833549335598947 19.6216841340065 109.37888950109482 18.823853328824043 9.5199771672487241 38.500891387462616 10.873999834060667 12.743165522813795 5.4611905962228766 36.489529237151146 7.2320177853107444 10.893910512328146
leaf_count=101 156 95 47 89 485 82 42 170 48 56 24 161 32 48
internal_value=6.22496e-06 -0.00601706 0.00681133 -0.00209716 0.000770603 0.0231274 0.00329144 0.00947703 0.0244904 -0.00436582 0.000486457 -0.00387178 -0.00188939 0.0138559
internal_weight=369.267 195.713 173.554 161.351 141.73 29.6574 143.896 79.6823 33.9494 64.2139 54.6939 49.2327 45.7329 32.3506
internal_count=1636 873 763 717 628 129 634 351 149 283 241 217 202 143
is_linear=0
shrinkage=0.03


Tree=5
num_leaves=15
num_cat=0
split_feature=29 28 11 9 19 9 29 21 30 30 7 28 15 33
split_gain=20.1659 13.2171 11.0482 12.1482 7.87794 12.2274 10.6513 8.47961 8.13968 7.56348 8.606 10.0808 9.60917 8.73902
threshold=0.0047478745690947878 0.0081079560068765839 0.0012686227733467728 0.00028975356281176379 0.0027225431924226321 0.00086484545413621403 0.008857859088681988 -0.0037728947182408263 0.0093394177959703426 0.0055634244557846374 0.00041810968418604105 0.0018071813942129313 0.93207199927021966 -7.3821117939456077e-05
decision_type=2 2 2 2 2 2 2 2 2 2 2 2 2 2
left_child=2 4 3 -1 5 6 7 8 -2 10 11 12 -5 -12
right_child=1 -3 -4 9 -6 -7 -8 -9 -10 -11 13 -13 -14 -15
leaf_value=-0.013737522034943335 0.040761857628744569 -0.01150720557965104 -0.021296940748781013 0.029602335324048892 -0.01153436668711136 0.036875934002101894 0.034911655828025578 0.0012614579399451277 0.0041693808532511714 -0.0033947977387660923 0.013370285066344426 0.044997650652957112 -0.025862686908749884 -0.02007563758423284
leaf_weight=59.18004284799099 10.118131726980211 24.6300448179245 33.67048542201519 4.7397204041481036 10.873076662421225 17.456117525696754 12.703544095158575 71.921027079224586 11.677421450614927 71.327333033084869 17.910997927188877 10.670166999101637 4.4989038854837418 10.18180078268051
leaf_count=267 44 111 151 21 48 76 55 316 51 315 79 47 20 45
internal_value=0.000256901 0.00830008 -0.00578128 -0.00273566 0.0120007 0.0141663 0.0101047 0.00637734 0.0223312 0.0027645 0.0118606 0.0264397 0.00241172 0.000871819
internal_weight=371.559 159.379 212.179 178.509 134.749 123.876 106.42 93.7166 21.7956 119.329 48.0016 19.9088 9.23862 28.0928
internal_count=1646 701 945 794 590 542 466 411 95 527 212 88 41 124
is_linear=0
shrinkage=0.03


Tree=6
num_leaves=15
num_cat=0
split_feature=30 28 35 29 33 31 33 34 30 28 9 8 28 28
split_gain=21.6084 14.4735 12.4441 11.5533 10.7215 12.0115 10.7081 10.569 12.1293 9.68375 10.5895 9.48704 8.10394 7.61487
threshold=0.0028812562554420816 0.0090689974604100127 1.8259407965130048 0.008857859088681988 0.0017850477304851913 0.019355207702225877 0.0022347501145489816 0.44636025805865936 0.0037304611976412163 0.0011307415295361836 0.00072500303531785465 0.0016581140940700181 0.0063390408696888398 -0.0060705948759188213
decision_type=2 2 2 2 2 2 2 2 2 2 2 2 2 2
left_child=-1 2 3 4 5 7 -6 13 -9 10 -8 -5 -11 -2
right_child=1 -3 -4 11 6 -7 9 8 -10 12 -12 -13 -14 -15
leaf_value=-0.027312578453988861 0.01442269027928636 -0.015160513529917558 -0.017260489863520547 0.039817807955505526 0.045137857221138875 0.039511105447722773 -0.020682271832722386 0.019378425244273464 -0.015169626843714656 0.03509793410046462 0.027506194090502766 -0.0070304410454342424 -0.0075446297507026682 -0.00013105988526942387
leaf_weight=24.37895330786705 44.439669206738472 41.228819906711578 22.944354966282845 13.544817119836809 8.657558009028433 6.0527385026216498 12.871724188327791 9.8415939062833768 58.836483955383301 13.498828053474428 4.8316492587327948 4.8063792437314978 4.9714326411485663 110.92726396024227
leaf_count=111 194 187 102 58 38 26 57 44 262 59 21 21 22 491
internal_value=-0.000557265 0.00133023 0.00353074 0.00522063 0.0036169 0.000959553 0.0168718 -0.000239557 -0.00996876 0.00899386 -0.00660267 0.0276635 0.0236682 0.00407818
internal_weight=381.832 357.453 316.224 293.28 274.929 230.098 44.8312 224.045 68.6781 36.1736 17.7034 18.3512 18.4703 155.367
internal_count=1693 1582 1395 1293 1214 1017 197 991 306 159 78 79 81 685
is_linear=0
shrinkage=0.03


Tree=7
num_leaves=15
num_cat=0
split_feature=21 33 10 28 18 31 25 35 28 35 17 31 28 30
split_gain=18.2874 8.7374 8.91956 10.3805 7.86264 8.4356 8.61223 7.93278 7.45201 11.6981 10.2199 9.5331 12.8315 7.19973
threshold=-0.0012504327442274252 -0.00046684248637660016 0.00051394323869746424 -0.022814956065129507 4.4942503537814822e-05 0.0092567111531766683 0.56741078969085512 0.22225607622734286 -0.00028493055440176324 0.66619317242570653 -0.00086829486588080307 -0.019887236169564778 -0.0028593007731663174 0.010306133978928812
decision_type=2 2 2 2 2 2 2 2 2 2 2 2 2 2
left_child=1 2 -1 -4 5 6 -2 -6 9 10 -5 -11 -13 -9
right_child=4 -3 3 8 7 -7 -8 13 -10 11 -12 12 -14 -15
leaf_value=-0.0080725489431757568 0.0044896460205706258 0.021107966815629885 -0.023356861235750662 0.0047213731190215973 0.024960406163673676 0.013688057017952939 -0.029981140598358966 -0.0076179554332534765 -0.00036322894740034529 0.039254849012627512 0.045905350999724634 -0.010050058483091267 0.035095089487458132 0.012949417621961057
leaf_weight=42.426655128598213 7.744217798113822 29.427758142352104 7.7236489206552497 8.5323579162359255 7.3161111027002326 5.8060515373945227 30.479205563664436 126.2115765362978 34.210186317563057 5.4668804556131354 16.214721769094467 26.124438226222988 6.1600423157215145 16.401575431227684
leaf_count=188 35 127 34 37 33 26 138 566 151 24 70 115 27 72
internal_value=-0.000518774 0.00644689 0.00336591 0.00807384 -0.00686576 -0.0178852 -0.0229843 -0.00351276 0.0108281 0.0169105 0.0325572 0.00600073 -0.000550403 -0.00515797
internal_weight=370.245 176.287 146.859 104.432 193.959 44.0295 38.2234 149.929 96.7086 62.4984 24.7471 37.7514 32.2845 142.613
internal_count=1643 773 646 458 870 199 173 671 424 273 107 166 142 638
is_linear=0
shrinkage=0.03


Tree=8
num_leaves=15
num_cat=0
split_feature=21 32 28 25 35 18 18 17 22 34 7 17 31 7
split_gain=14.7936 12.7514 12.0279 8.88991 8.25451 7.26548 7.7461 7.53426 9.30097 6.89759 7.97908 9.56082 9.07365 10.5876
threshold=-0.0012504327442274252 0.0024368800772086581 0.0099918279112291581 0.39070272814470769 0.22225607622734286 -8.1368572771189904e-05 -0.00026766474827966119 -0.00097334640242829884 0.0019595228760236169 0.9341690497074876 0.00052393814949497363 -0.00041078241388597942 0.0091673402475349625 0.00094247049828077867
decision_type=2 2 2 2 2 2 2 2 2 2 2 2 2 2
left_child=3 -2 4 -1 -3 6 7 8 -5 10 11 -6 13 -12
right_child=1 2 -4 5 9 -7 -8 -9 -10 -11 12 -13 -14 -15
leaf_value=-0.022836588488506768 -0.02171381663022898 0.035950118966885179 -0.022002231418724406 -0.023997759685101688 0.042174247103054938 0.026250995579055178 -0.027485940208097435 0.012080611463678991 0.0057188658725553249 -0.025981438389610173 -0.024883053879992095 0.0042345364987759412 0.017461302900951568 0.0082517617084212121
leaf_weight=7.6645557135343543 33.667713046073914 4.999800205230712 21.647678434848785 12.200918957591055 5.5396596044301978 17.341161906719208 4.957687944173812 97.271964862942696 32.496334925293922 7.6268985569477072 26.202660337090492 78.663821890950203 9.0957417190074903 11.980886131525038
leaf_count=34 156 22 100 54 24 76 22 425 142 34 117 350 40 53
internal_value=0.000381225 -0.00515831 -0.00166761 0.00681656 0.00149689 0.0083481 0.00605165 0.00742785 -0.00267481 0 0.00170331 0.00723145 -0.00802591 -0.0144645
internal_weight=371.357 199.425 165.757 171.933 144.109 164.268 146.927 141.969 44.6973 139.11 131.483 84.2035 47.2793 38.1835
internal_count=1649 896 740 753 640 719 643 621 196 618 584 374 210 170
is_linear=0
shrinkage=0.03


Tree=9
num_leaves=15
num_cat=0
split_feature=29 28 30 11 12 20 20 22 12 22 35 35 26 31
split_gain=17.8535 12.9535 9.532 11.0194 9.11749 7.58969 15.3142 11.9518 7.3803 7.3337 6.27923 8.80537 7.92887 7.67296
threshold=0.0050030953402040628 0.011520363527770751 0.0022245868966205141 0.0012686227733467728 0.00078332521887345405 0.0023125225157872172 0.003290548419726719 0.0020079346850959954 0.0016785894861748708 0.0023299700397145244 0.34996067321501007 0.21630049064814533 1.1478503151067245 0.0064147324714689544
decision_type=2 2 2 2 2 2 2 2 2 2 2 2 2 2
left_child=2 4 -1 10 -2 9 7 -7 -5 -6 11 -4 -12 -14
right_child=1 -3 3 8 5 6 -8 -9 -10 -11 12 -13 13 -15
leaf_value=-0.028190686553416684 0.024625751130021807 -0.014701303982392045 0.013570122578239831 -0.024436565417968258 0.0049788437391503236 -0.0064682298088706144 -0.0053204890008256385 0.039361733903270288 0.0071926628488193384 -0.022394389747248382 -0.0035669935892808304 -0.02151327255239523 0.014771795346278033 -0.01172770108035247
leaf_weight=13.70492075383663 36.084667950868607 17.737951278686523 7.9387694448232677 29.670279681682587 32.198778405785561 6.1862725168466595 19.155369237065315 21.198639154434204 7.807651385664939 10.96918050944805 84.956166312098503 22.798913508653641 54.961520791053772 11.018607646226881
leaf_count=64 157 81 36 135 140 27 84 91 35 48 378 103 243 49
internal_value=0.000346617 0.00864226 -0.004769 -0.00316927 0.0120476 0.00673927 0.0150201 0.0290399 -0.0177537 -0.00225845 -6.34787e-05 -0.0122155 0.00245561 0.0101926
internal_weight=376.388 143.531 232.857 219.152 125.793 89.7082 46.5403 27.3849 37.4779 43.168 181.674 30.7377 150.936 65.9801
internal_count=1671 628 1043 979 547 390 202 118 170 188 809 139 670 292
is_linear=0
shrinkage=0.03


Tree=10
num_leaves=15
num_cat=0
split_feature=29 28 15 30 32 8 21 27 11 30 31 18 20 19
split_gain=14.4364 12.3087 9.13853 8.69122 7.83583 8.67265 8.75559 14.1559 11.328 7.47669 7.97594 7.44997 5.32754 5.71693
threshold=0.0047478745690947878 0.0081079560068765839 0.76696166301709268 0.0022245868966205141 0.0033686748030804332 0.00014111488922113893 -0.0029066947939483385 -0.0027955172898126985 -0.00083768262214900513 0.0080699133311524524 0.020183797818045527 0.0021050331946166905 0.0022340709694436372 0.0014453714754164681
decision_type=2 2 2 2 2 2 2 2 2 2 2 2 2 2
left_child=3 4 -3 -1 -2 6 8 -8 -6 -7 -11 12 13 -5
right_child=1 2 -4 11 5 9 7 -9 -10 10 -12 -13 -14 -15
leaf_value=-0.028073596797067463 -0.0134942346455439 0.019793149479446933 -0.020594741801527951 0.00044857907519717753 0.014857215673798557 0.024629214565259388 -0.021094097221361172 0.023937079098748447 0.059886539305039253 -0.0022898771571074283 0.033046968947163489 -0.017686449829165587 -0.01320334885617412 0.031463265776358759
leaf_weight=12.038875341415403 9.7273971885442716 5.703258931636813 19.896203503012657 147.59195081889629 11.657359957695009 15.150698050856588 7.8392698913812664 21.070217162370682 9.6545817703008634 52.738549679517746 5.430624619126319 25.139409586787224 24.519814610481262 4.5621369034051886
leaf_count=57 43 26 91 660 50 66 34 91 41 230 23 114 109 20
internal_value=0.000773612 0.0076048 -0.0110782 -0.004299 0.0112717 0.0133385 0.0228607 0.0113289 0.0371603 0.00655594 0.0014612 -0.00273455 -0.000502543 0.00159746
internal_weight=372.72 158.868 25.5995 213.852 133.269 123.541 50.2214 28.9095 21.3119 73.3199 58.1692 201.813 176.674 152.154
internal_count=1655 695 117 960 578 535 216 125 91 319 253 903 789 680
is_linear=0
shrinkage=0.03


Tree=11
num_leaves=15
num_cat=0
split_feature=21 27 18 28 20 15 24 28 27 27 27 21 28 36
split_gain=15.7545 10.5298 10.0124 10.3317 9.85548 7.18771 7.07245 9.6638 9.1411 7.09162 6.80668 12.8641 6.64449 16.4707
threshold=-0.0012504327442274252 -0.00055082068991663114 4.4942503537814822e-05 0.010141608363314349 0.001372408784414531 1.3905269867579162 0.59932493458439395 0.0011307415295361836 0.00059001079630582886 -0.0011823366879998296 -0.00013522664915677216 -0.0037728947182408263 -0.0060705948759188213 0.71030642773838704
decision_type=2 2 2 2 2 2 2 2 2 2 2 2 2 2
left_child=1 12 4 6 -2 -6 7 -4 -9 -8 -3 -12 13 -1
right_child=2 10 3 -5 5 -7 9 8 -10 -11 11 -13 -14 -15
leaf_value=0.030400681715674633 -0.028142999349219832 0.042860783459628862 -0.0033787339656693449 -0.023663769540347684 -0.014009256907665071 0.026695552656717261 0.013243354258259364 0.00029839321715104653 0.040644967174104513 -0.0076449021632031848 0.039075517981356646 -0.0047826002001987566 -0.0018970284605906601 -0.0021442372969332087
leaf_weight=22.477132573723793 28.817335486412048 8.978755444288252 20.797907531261444 16.601577654480934 9.0084582269191724 5.3891856968402854 16.946146070957184 8.4696499109268206 12.171415999531744 77.553109377622604 8.7356170117855054 15.023775011301042 92.153425663709641 33.973248481750488
leaf_count=96 134 38 93 78 40 24 75 38 53 348 37 65 406 149
internal_value=0.000168869 0.00652895 -0.00571093 -0.0020311 -0.0182924 0.00177636 0.000742411 0.0109458 0.025007 -0.00376824 0.0216813 0.0121485 0.00304815 0.0110657
internal_weight=377.097 181.342 195.755 152.54 43.215 14.3976 135.938 41.439 20.6411 94.4993 32.7381 23.7594 148.604 56.4504
internal_count=1674 791 883 685 198 64 607 184 91 423 140 102 651 245
is_linear=0
shrinkage=0.03


Tree=12
num_leaves=15
num_cat=0
split_feature=9 11 36 35 28 36 19 20 17 11 12 24 19 36
split_gain=15.9271 10.4727 7.10061 10.9692 8.55418 7.16333 13.8403 13.1177 8.07747 8.2428 8.11468 7.15048 7.86671 7.61985
threshold=0.00031018898463417674 0.0012354231090059844 1.7948519433789711 1.3668719894669106 0.0090689974604100127 0.80665800090210105 0.00093653501208213949 0.0024495968103803805 0.00066001738147325472 0.00086440492834449778 0.00096092290888294656 0.9488877509395538 0.00085155191545663474 0.53174082505117526
decision_type=2 2 2 2 2 2 2 2 2 2 2 2 2 2
left_child=-1 2 3 4 5 7 -7 8 10 -10 11 12 -2 -14
right_child=1 -3 -4 -5 -6 6 -8 -9 9 -11 -12 -13 13 -15
leaf_value=-0.012078917848330461 0.0014863714894552394 -0.0064721353020927627 -0.011569500999678147 0.034738884493945035 -0.014942612988974013 0.034617094264446813 -0.01124049788985574 0.039324514526210053 -0.021136304550583757 0.015829216939613013 -0.00024171147835374556 0.045774619233845397 0.034193950087092417 0.0026904087097272635
leaf_weight=79.961213022470474 26.166197553277016 76.845636501908302 17.246257349848747 11.990716129541395 14.979721292853354 6.1810140758752814 32.681694388389587 12.648942112922667 14.240499749779703 7.4622650891542426 33.236118569970131 6.6231008470058432 20.425028532743458 10.787052780389784
leaf_count=366 115 346 77 52 69 27 143 53 63 33 144 29 88 47
internal_value=-0.000296483 0.00295538 0.00635845 0.00799012 0.0060673 0.00800758 -0.00318627 0.0113352 0.00803058 -0.00815658 0.0117202 0.0178864 0.013887 0.0238208
internal_weight=371.475 291.514 214.669 197.422 185.432 170.452 38.8627 131.589 118.94 21.7028 97.2375 64.0014 57.3783 31.2121
internal_count=1652 1286 940 863 811 742 170 572 519 96 423 279 250 135
is_linear=0
shrinkage=0.03


Tree=13
num_leaves=15
num_cat=0
split_feature=21 2 32 36 36 21 34 34 21 36 14 14 23 32
split_gain=18.8188 8.80439 7.59884 8.76618 7.15439 8.51745 6.22365 11.2676 6.10115 7.46708 8.92057 6.30075 7.7629 5.80153
threshold=-0.0012504327442274252 9.5000000000000018 0.0023632164914469908 0.22291695969148104 1.7948519433789711 -0.0078758594744919846 0.89278901121132781 0.8723591126602861 -0.0037728947182408263 0.47820084354189896 0.92325623907414556 0.86215550897166049 -0.00097222826108883296 0.006138723158855496
decision_type=2 2 2 2 2 2 2 2 2 2 2 2 2 2
left_child=4 2 -2 -4 8 -6 7 -5 9 -1 -11 -10 -13 -14
right_child=1 -3 3 6 5 -7 -8 -9 11 10 -12 12 13 -15
leaf_value=0.040711123779973366 -0.021968946919370534 0.023277434787030184 0.03146457740123583 -0.006482181382121607 0.017231567731003077 -0.022272553587159329 -0.022673366758179745 0.032698843563824478 0.017141470412358775 -0.0010403160192334932 0.024094391145311832 -0.02324282194823471 0.0098550323891048851 -0.0099357896685659409
leaf_weight=8.8045194298028928 29.820800766348839 7.3128903508186331 4.5615622699260703 127.73839551210403 6.3297642767429378 14.090186610817907 18.711565047502518 5.9581246376037589 23.483370065689087 25.363468796014786 23.885825663805008 10.394119903445242 41.867657333612442 18.301812842488289
leaf_count=37 142 32 20 574 28 63 85 26 102 110 103 46 182 80
internal_value=-0.000569716 -0.00696818 -0.00828593 -0.00554485 0.00661059 -0.00965425 -0.00686998 -0.00448403 0.00886258 0.0164483 0.0113272 0.00402467 -0.000477171 0.00372217
internal_weight=366.624 194.103 186.79 156.97 172.521 20.42 152.408 133.697 152.101 58.0538 49.2493 94.047 70.5636 60.1695
internal_count=1630 879 847 705 751 91 685 600 660 250 213 410 308 262
is_linear=0
shrinkage=0.03


Tree=14
num_leaves=15
num_cat=0
split_feature=29 28 11 17 34 15 27 28 35 17 34 8 31 18
split_gain=18.9571 13.421 8.83301 9.83289 8.08511 7.93675 7.11677 11.4225 7.62312 8.45565 7.12965 6.67022 6.70381 6.37904
threshold=0.0047478745690947878 0.0081079560068765839 -0.00043296894409761139 -0.00061627715743339795 0.09665940439762212 0.76696166301709268 0.00086264005198377635 -0.0060705948759188213 1.213229709292317 -0.00018202600481009854 0.90147893287544589 -0.00042893446722092049 0.0092567111531766683 -0.0015509880910786753
decision_type=2 2 2 2 2 2 2 2 2 2 2 2 2 2
left_child=2 4 3 -1 -2 -3 7 8 9 -4 -8 -6 -13 -9
right_child=1 5 6 -5 11 -7 10 13 -10 -11 -12 12 -14 -15
leaf_value=-0.0071216407837294505 0.028302750052487939 0.017471441904067731 0.038706219527535446 0.0261843690319883 0.022892121672743324 -0.020878264385092313 0.0052806325263200973 0.0016356597373942407 -0.016323070605685927 -0.0068596598567105442 -0.020337221727292978 0.00016833033914305729 0.019658636476506106 -0.019700869725943808
leaf_weight=15.640209615230562 21.522530049085617 5.4723157286644009 7.8759629726409921 14.414403945207594 21.836958929896355 19.217758253216743 48.555751860141754 14.306974619626997 6.8975747972726813 5.6336845010519037 11.177929416298864 70.902516677975655 19.594475224614143 85.001939013600349
leaf_count=69 92 25 34 63 93 89 219 63 31 25 52 308 84 391
internal_value=0.000198239 0.00800498 -0.00570538 0.00908435 0.0117621 -0.0119124 -0.00823563 -0.012427 0.00762067 0.0203348 0.000181456 0.0083448 0.00458991 -0.0166114
internal_weight=368.051 158.547 209.504 30.0546 133.856 24.6901 179.45 119.716 20.4072 13.5096 59.7337 112.334 90.497 99.3089
internal_count=1638 691 947 132 577 114 815 544 90 59 271 485 392 454
is_linear=0
shrinkage=0.03


Tree=15
num_leaves=15
num_cat=0
split_feature=21 2 32 28 35 24 31 30 18 21 11 11 27 21
split_gain=12.021 10.3005 8.01773 9.15459 7.52277 7.17449 6.73043 5.95035 5.58036 5.93144 8.18486 7.90396 7.72289 6.30091
threshold=-0.0012656129328375563 9.5000000000000018 0.0024368800772086581 0.0099918279112291581 0.2273187990020373 0.068271276595786093 0.0014017660331594464 0.01136964635161164 0.0021050331946166905 0.00053868661553463381 0.0011778043524080519 0.001705921359521523 -0.0012905428712370324 0.0028701497734279773
decision_type=2 2 2 2 2 2 2 2 2 2 2 2 2 2
left_child=-1 2 6 4 -4 -6 -2 -5 9 -7 12 -12 -11 -14
right_child=1 -3 3 7 5 8 -8 -9 -10 10 11 -13 13 -15
leaf_value=0.005436946829280735 -0.030257121299372018 0.028829029692446873 0.029776192368807762 -0.030697271810231616 0.027777796449649565 -0.013072006192778167 -0.0014270066659974854 0.0060021331320400991 -0.013849191657757082 0.039683618565621685 -0.025816892223444337 0.011982238339060839 0.0013448361186443564 0.035459391818839517
leaf_weight=176.4268062710762 20.172777920961384 6.6646205037832251 5.7893795222043982 15.559017077088358 5.6594942659139624 22.897419676184654 11.612898841500281 4.6821253895759574 36.730259820818901 6.1370093077421179 12.243603914976122 7.0979432314634314 39.495708256959915 4.6112180650234214
leaf_count=767 98 29 25 75 25 103 55 22 165 27 55 32 176 20
internal_value=-0.000242081 -0.00528502 -0.00662317 -0.00381839 -0.00101648 -0.00256975 -0.0201803 -0.0221839 -0.00412512 -0.000124211 0.00421865 -0.0118908 0.0105896 0.00568495
internal_weight=375.78 199.353 192.689 160.903 140.662 134.873 31.7857 20.2411 129.213 92.4829 69.5855 19.3415 50.2439 44.1069
internal_count=1674 907 878 725 628 603 153 97 578 413 310 87 223 196
is_linear=0
shrinkage=0.03


Tree=16
num_leaves=15
num_cat=0
split_feature=9 36 6 30 29 7 21 22 30 10 10 10 7 28
split_gain=13.7766 10.581 8.67231 9.54621 9.14287 8.42691 7.74015 6.97106 9.92206 6.82432 6.6472 10.9391 10.6946 6.83198
threshold=0.00030100721322748786 1.8709460578226573 1.5000000000000002 0.0054890868574959421 0.008857859088681988 0.0011429187555443423 -0.0078758594744919846 0.00080385007256724859 0.0030163096993945622 0.0010465204575293935 0.00052591875619592391 0.00055429221598711487 0.00085283594754936864 -0.019836332231414896
decision_type=2 2 2 2 2 2 2 2 2 2 2 2 2 2
left_child=7 2 3 -2 10 -6 -3 8 -1 -5 12 -12 -4 -13
right_child=1 6 4 9 5 -7 -8 -9 -10 -11 11 13 -14 -15
leaf_value=-0.022390522852045062 0.015466909398875579 0.012377789313874657 0.00080209297679278838 -0.018438640254961839 0.043690294993292488 0.0047526320764205701 -0.02318098715773537 -0.024882981869147659 0.0052866570268411232 0.0069694435989647282 0.041027581510729653 -0.024626793387217693 -0.038613135685634237 0.0074813961383968404
leaf_weight=17.976205006241798 13.541456162929533 6.3778671473264721 49.994620129466057 36.883271083235741 10.018881350755693 10.015077680349348 22.476541683077812 25.785717397928238 29.197543546557426 11.907697647809981 7.6292014718055716 5.2815647125244132 6.0456676781177512 116.78232829272747
leaf_count=88 61 28 220 167 42 43 103 118 133 54 33 23 27 509
internal_value=-0.00100603 0.00186472 0.00374763 -0.0059629 0.00671834 0.0255192 -0.0150694 -0.0125981 -0.00544369 -0.012162 0.00454854 0.00826759 -0.00399986 0.00587891
internal_weight=369.914 296.954 268.1 62.3324 205.767 20.034 28.8544 72.9595 47.1737 48.791 185.733 129.693 56.0403 122.064
internal_count=1649 1310 1179 282 897 85 131 339 221 221 812 565 247 532
is_linear=0
shrinkage=0.03


Tree=17
num_leaves=15
num_cat=0
split_feature=29 28 34 11 18 27 20 12 9 30 25 33 6 9
split_gain=13.5931 9.38764 9.05999 8.88854 8.29143 7.52128 8.43802 7.95035 7.57201 7.41085 8.1 6.64139 7.84752 8.5152
threshold=0.005083701380105614 0.011520363527770751 0.078892696412952337 0.00044529699664058736 0.0021740875726161128 -0.0022874808274613296 0.0012761314919573518 0.00092437477126998196 0.00034947940143921968 0.0018771631879842851 0.52236263389405047 0.0017850477304851913 1.5000000000000002 0.0004982939590349075
decision_type=2 2 2 2 2 2 2 2 2 2 2 2 2 2
left_child=4 2 3 -2 9 -4 8 -8 -7 -1 -11 -12 13 -13
right_child=1 -3 5 -5 -6 6 7 -9 -10 10 11 12 -14 -15
leaf_value=-0.029060311188690634 0.046879985227007814 -0.01182968203413111 -0.0011801985072749357 -0.00019917252549242457 -0.019242708948142308 0.01685557379882462 0.034621607563207958 0.0093150882946663252 -0.02998311630620178 -0.017098531808478982 -0.000727898577492824 0.024101254073085415 0.029899791507564718 -0.022883624595912439
leaf_weight=7.5215051919221869 10.288777902722357 17.484206229448318 46.411550283432007 5.1075213551521292 26.346976101398468 4.8368214666843397 19.392045825719833 28.062606737017632 5.6814015209674835 22.403919026255608 154.50978690385818 5.1782364845275897 13.975202620029448 6.9041366875171661
leaf_count=38 43 82 200 22 122 21 83 121 25 102 693 23 61 32
internal_value=0.000652383 0.00813774 0.011151 0.0320195 -0.00368926 0.00776988 0.0148845 0.0202194 -0.00859041 -0.0016465 -0.000478423 0.00165001 0.0153666 -0.00221459
internal_weight=374.105 137.265 119.781 15.3963 236.84 104.384 57.9729 47.4547 10.5182 210.493 202.971 180.567 26.0576 12.0824
internal_count=1668 597 515 65 1071 450 250 204 46 949 911 809 116 55
is_linear=0
shrinkage=0.03


Tree=18
num_leaves=15
num_cat=0
split_feature=9 11 28 31 8 28 24 29 14 35 11 31 31 5
split_gain=11.8051 10.1751 7.92259 7.95068 11.3233 8.75429 8.05735 7.62799 8.62758 7.25932 6.54023 6.39291 8.58895 6.1086
threshold=0.00029273795418453905 0.0012354231090059844 0.0090689974604100127 0.0089081703862415335 0.00066184777651834292 -0.0027489389995041242 0.18861917513522411 0.0028500482025272662 0.68221406163317988 1.1679744452124095 0.0014800615252968388 0.0014017660331594464 -0.0011467199684396243 1.5000000000000002
decision_type=2 2 2 2 2 2 2 2 2 2 2 2 2 2
left_child=13 2 3 4 7 -5 -7 -2 -9 -4 -3 12 -6 -1
right_child=1 10 9 5 11 6 -8 8 -10 -11 -12 -13 -14 -15
leaf_value=-0.014736909404420913 0.027092506459473406 -0.021447190246311771 -0.023730284777796765 0.04362138696479332 -0.0084029459664100841 -0.018300700121688131 0.020337247670525065 -0.017531441362596177 0.0092844908451182994 0.014113041551816306 -0.0014143002271894967 -0.024793483077769202 0.027154070904718296 0.011340707896260679
leaf_weight=57.517325475811958 18.263893097639084 19.188352271914482 13.427194759249689 9.7598491907119769 26.348853021860119 5.7982244342565563 16.299321264028549 11.103997200727461 99.399604365229607 5.7757093757390967 55.610692098736763 12.781685739755629 6.8714393228292492 8.494432255625723
leaf_count=270 80 88 63 41 116 25 70 49 430 26 252 57 30 40
internal_value=0.000164274 0.00270228 0.00588165 0.00761399 0.00501282 0.0212058 0.00971568 0.00956993 0.00642992 -0.0120644 -0.00680811 -0.00761171 -0.000381917 -0.0112173
internal_weight=366.641 300.629 225.83 206.627 174.769 31.8574 22.0975 128.767 110.504 19.2029 74.799 46.002 33.2203 66.0118
internal_count=1637 1327 987 898 762 136 95 559 479 89 340 203 146 310
is_linear=0
shrinkage=0.03


Tree=19
num_leaves=15
num_cat=0
split_feature=19 21 12 30 28 30 21 36 27 20 34 22 35 36
split_gain=10.6252 8.41614 12.7234 9.9002 11.4972 7.4232 9.8506 7.0532 9.09334 9.59296 7.75786 8.4057 7.11201 6.44004
threshold=0.00035198159946370542 -0.0035805442247222037 0.0012815161724246376 0.011797443358750735 0.0090689974604100127 0.0074610649627684213 -0.0044150546251424663 2.1023666910829539 0.0017764625823580296 0.0013538958997014192 0.073112130446734661 0.0010752831802548438 0.21630049064814533 0.36512136432149206
decision_type=2 2 2 2 2 2 2 2 2 2 2 2 2 2
left_child=-1 2 5 4 7 6 -2 8 10 -10 11 -3 -12 -14
right_child=1 3 -4 -5 -6 -7 -8 -9 9 -11 12 -13 13 -15
leaf_value=-0.026632208445021392 -0.018046967986268196 0.041914304731204527 -0.00062306873952411128 0.019321382257758393 -0.022047809287117734 0.034854289020861677 0.02770484780272817 -0.026371192660532519 0.033006441009471983 0.0025806426363303345 0.020622876182181605 -0.0046893484857964702 -0.017549960761976791 -0.0030336359290421199
leaf_weight=12.260860711336134 7.0688783526420593 5.9041367769241315 50.6531782746315 17.488061711192131 25.675224155187607 19.019379392266273 7.915381118655203 8.6022156029939634 12.627747744321821 30.965805530548096 8.245161369442938 6.4618798047304153 35.259211286902428 119.71026204526424
leaf_count=62 31 26 220 76 123 80 34 40 55 136 37 28 159 536
internal_value=-0.000259004 0.000714058 0.00891883 -0.00186191 -0.00340553 0.0228302 0.00615484 -0.00120385 -8.716e-05 0.0120039 -0.00315712 0.0188082 -0.004944 -0.00644702
internal_weight=367.857 355.597 84.6568 270.94 253.452 34.0036 14.9843 227.776 219.174 43.5936 175.581 12.366 163.215 154.969
internal_count=1643 1581 365 1216 1140 145 65 1017 977 191 786 54 732 695
is_linear=0
shrinkage=0.03


Tree=20
num_leaves=15
num_cat=0
split_feature=9 36 30 6 22 10 30 13 24 8 27 30 32 32
split_gain=9.20605 9.66683 10.2674 9.71086 8.63875 7.8791 7.81933 9.17847 9.37468 8.09234 6.15696 5.97511 9.09988 8.00603
threshold=0.00031018898463417674 1.7948519433789711 0.0040899450988988407 1.5000000000000002 0.00080385007256724859 0.00059547130216531044 0.0031058750143411538 0.0004687258005721166 0.4124988422709896 1.0000000180025095e-35 0.0001272924454608915 0.0074610649627684213 0.0035049539206346504 0.0059742719092422325
decision_type=2 2 2 2 2 2 2 2 2 2 2 2 2 2
left_child=4 2 5 -4 6 -2 10 8 -8 -10 -1 -5 -13 -14
right_child=1 -3 3 11 -6 -7 7 -9 9 -11 -12 12 13 -15
leaf_value=-0.027251586287701038 0.040430564295259055 -0.012107389337761589 -0.0069013045401241915 0.00014466823656267107 -0.021810258116838954 -0.0044608511479268887 0.037628908480662145 -0.022129354153062882 -0.026663256036700816 0.014956708840775393 0.0069828726669454218 -0.026540227976033871 0.026064888977255282 0.007910889215213773
leaf_weight=12.695689886808397 11.381066650152205 31.01032766699791 57.639067843556404 70.883749037981033 26.104882568120956 4.4987696409225455 9.676630452275278 6.384543612599372 5.1700325757265118 12.157810837030409 6.5139447301626197 4.5361763983964911 30.055666774511337 82.072831675410271
leaf_count=64 49 142 262 313 120 20 44 29 24 55 32 20 129 353
internal_value=0.000986068 0.00344928 0.00534774 0.00375902 -0.00804614 0.0280242 -0.000879522 0.00778211 0.0154987 0.00159781 -0.0157232 0.00707039 0.0112159 0.0129909
internal_weight=370.781 292.078 261.067 245.187 78.7035 15.8798 52.5987 33.389 27.0045 17.3278 19.2096 187.548 116.665 112.128
internal_count=1656 1288 1146 1077 368 69 248 152 123 79 96 815 502 482
is_linear=0
shrinkage=0.03


Tree=21
num_leaves=15
num_cat=0
split_feature=29 34 14 28 20 16 19 18 24 17 21 28 11 7
split_gain=9.89285 9.14938 7.90407 7.56413 8.54758 7.6623 6.14313 6.17799 5.98905 11.0015 9.528 6.47274 9.04745 6.0669
threshold=0.0050030953402040628 0.078892696412952337 0.87818134842663531 -0.013103386128931692 0.0013941932352697481 0.61216249117004962 0.00035198159946370542 0.0021446422465365993 0.43541340075861834 -0.00085420110794676141 -0.0081966593345097465 0.011189212028764552 0.0017533474184475708 0.0010277087534017462
decision_type=2 2 2 2 2 2 2 2 2 2 2 2 2 2
left_child=6 2 -2 -3 -5 -6 -1 -8 9 10 -7 12 -10 -12
right_child=1 3 -4 4 5 8 7 -9 11 -11 13 -13 -14 -15
leaf_value=-0.023231872215223926 0.0021740428635836102 -0.015424460806207182 0.042198106018750493 -0.011717995638236433 0.031284333787132884 0.033582512563604963 -0.00083231532817932901 -0.016042280763196214 -0.0031877657855676114 0.036721814643307329 0.004611974883951959 -0.023847828718953957 0.030113915880811373 -0.034029698214689819
leaf_weight=13.267721548676489 8.0076030492782611 16.41447414457798 9.8164823502302152 19.427791178226471 11.90554143488407 4.6691692918539074 185.94116388261318 26.721339344978333 31.149245485663414 12.480047509074209 7.7229507863521594 7.8574807792901984 8.5050396770238859 5.4446649849414825
leaf_count=68 34 71 41 86 51 20 834 125 135 53 33 38 37 24
internal_value=-0.000219158 0.00591142 0.0254471 0.00293573 0.00583871 0.00976012 -0.00413243 -0.00282365 0.00607438 0.0162634 0.000600154 -0.000566501 0.00444602 -0.0124283
internal_weight=369.331 143.4 17.8241 125.576 109.162 89.7341 225.93 212.663 77.8286 30.3168 17.8368 47.5118 39.6543 13.1676
internal_count=1650 623 75 548 477 391 1027 959 340 130 77 210 172 57
is_linear=0
shrinkage=0.03


Tree=22
num_leaves=15
num_cat=0
split_feature=32 34 28 28 35 19 28 19 28 12 8 20 32 17
split_gain=9.37049 11.4666 11.6224 6.82468 6.71525 7.15759 7.34403 7.16462 7.56549 7.0704 7.66773 7.04913 6.7641 6.68576
threshold=0.0024368800772086581 0.10355598883835955 -0.0055507822113398655 -0.015038612274988481 1.8259407965130048 0.0015644112462822335 0.0090689974604100127 0.0025250011760842932 0.011189212028764552 0.00095284502310600714 -0.0004021734488628414 0.0025152543897071391 0.0066934380639795199 -0.0010215677918727903
decision_type=2 2 2 2 2 2 2 2 2 2 2 2 2 2
left_child=-1 2 3 -2 5 6 9 8 11 10 -3 -7 -11 -4
right_child=1 4 13 -5 -6 7 -8 -9 -10 12 -12 -13 -14 -15
leaf_value=-0.014126324012952621 0.0048436398556970768 0.022903218422624109 -0.021404966269331395 0.044632749948346498 -0.015781163912474437 0.0024842575710257025 -0.018860984759554934 -0.010502705643333363 -0.015733077064238109 0 0.00096832614435479899 0.031022919374468289 -0.020999326678545885 0.010865590230023861
leaf_weight=38.337567910552025 6.0615659058094051 15.481992140412329 6.8415817469358471 12.540964335203169 23.970466867089272 12.323907956480978 19.83243228495121 10.555085495114325 4.9225584715604773 32.653342351317406 114.1768646389246 22.363096833229065 23.035274118185043 20.838790088891983
leaf_count=187 26 66 30 53 111 53 96 47 23 143 506 95 101 91
internal_value=-0.000287698 0.00137081 0.0150375 0.0327292 -0.000928643 0.000510058 -0.00197207 0.010561 0.0163683 -5.73181e-05 0.00376568 0.0213212 -0.00892067 0.00231666
internal_weight=363.935 325.598 46.2829 18.6025 279.315 255.345 205.18 50.1646 39.6096 185.347 129.659 34.687 55.6886 27.6804
internal_count=1628 1441 200 79 1241 1130 912 218 171 816 572 148 244 121
is_linear=0
shrinkage=0.03


Tree=23
num_leaves=15
num_cat=0
split_feature=29 11 31 28 30 31 29 29 29 14 35 12 11 34
split_gain=10.9681 8.24585 8.16042 7.08522 6.81001 5.88195 6.50069 6.28644 8.68218 10.5591 10.355 8.3 6.25593 9.01052
threshold=0.0047478745690947878 0.0012686227733467728 0.013454516866222678 0.0081079560068765839 0.0018771631879842851 0.02201765091463365 0.0048412120641844148 0.008857859088681988 0.0065748177125447482 0.87818134842663531 1.1142823139525724 0.0019512214014238761 0.00094038768101489822 0.30916250576355725
decision_type=2 2 2 2 2 2 2 2 2 2 2 2 2 2
left_child=1 4 -3 5 -1 6 -2 8 10 -10 12 -9 -8 -14
right_child=3 2 -4 -5 -6 -7 7 11 9 -11 -12 -13 13 -15
leaf_value=-0.030514920445937652 0.035391132434393451 -0.025273992568761391 0.016399014464088885 -0.0088328637269107155 -0.0011150630322178307 0.030431781327722465 -0.0039019129971357386 0.033709956816794 -0.030900006986052282 0.0060107736090971083 0.028039721086339276 -0.0099434405026864962 -0.011687186925967628 0.033410022653134315
leaf_weight=6.4264952987432471 5.6206380128860465 26.331112623214725 4.1998757719993582 25.428246229887009 167.95171530544758 9.0040427446365339 49.408261030912399 12.113694295287134 13.08795487880707 13.05934491753578 15.453115075826643 4.9182563722133628 5.5091639608144751 9.9263614714145643
leaf_count=34 24 124 20 120 759 37 212 50 57 56 67 21 24 43
internal_value=-0.000349602 -0.00497066 -0.019108 0.00541757 -0.00238348 0.00810768 0.00630564 0.00468389 0.00185974 -0.012812 0.00677305 0.0210856 0.00131049 0.0173999
internal_weight=368.438 204.909 30.531 163.529 174.378 138.101 129.097 123.476 106.444 26.1473 80.2969 17.032 64.8438 15.4355
internal_count=1648 937 144 711 793 591 554 530 459 113 346 71 279 67
is_linear=0
shrinkage=0.03


Tree=24
num_leaves=15
num_cat=0
split_feature=29 21 24 28 30 18 20 32 32 7 27 34 17 7
split_gain=13.148 8.03788 8.82736 6.79198 6.94519 6.46266 8.07235 8.97364 7.70183 6.17476 6.98012 6.19633 5.90396 7.44747
threshold=0.0049779896284165848 -0.0012504327442274252 0.96623550841100136 0.011189212028764552 0.011188394689580387 1.1982633482621187e-05 0.0013458579405181115 0.0023632164914469908 0.0038033130495854915 0.00036790744476400411 0.0017764625823580296 0.53397658030242157 -0.00018202600481009854 0.00032738691503991785
decision_type=2 2 2 2 2 2 2 2 2 2 2 2 2 2
left_child=1 2 12 -2 -5 8 7 -7 -3 10 -9 -11 13 -1
right_child=3 5 -4 4 -6 6 -8 9 -10 11 -12 -13 -14 -15
leaf_value=0.032413290474073396 0.010044930498851105 -0.029697278096471356 0.032917938220734508 -0.024708279466609761 0.01260155527931615 -0.014633907102528461 -0.014206953621475605 -0.0060726671879962604 0.0018115032523911385 0.046142165821545296 0.026980698176796575 0.00049817302339094064 -0.012607410689600859 0.0009037136925227928
leaf_weight=6.676161289215087 126.96860665082932 22.143125548958782 6.9684677720069876 10.039710938930513 6.6405716538429251 17.064766138792038 44.203540056943893 20.296332105994228 9.5911331772804242 6.3093745261430723 6.8614535778760901 4.4704804271459579 23.554947927594185 58.53341144323349
leaf_count=29 543 110 30 49 31 84 207 92 44 28 30 20 104 257
internal_value=0.000588173 -0.00389833 0.00267067 0.00766647 -0.00981258 -0.00870763 -0.00479797 0.0028288 -0.0203182 0.0109349 0.00283339 0.0291171 -1.07337e-05 0.00461581
internal_weight=370.322 226.673 95.733 143.649 16.6803 130.94 99.2059 55.0024 31.7343 37.9376 27.1578 10.7799 88.7645 65.2096
internal_count=1658 1035 420 623 80 615 461 254 154 170 122 48 390 286
is_linear=0
shrinkage=0.03


Tree=25
num_leaves=15
num_cat=0
split_feature=21 2 32 24 17 22 22 36 34 34 21 17 7 25
split_gain=11.4109 7.6975 7.07296 7.29837 6.70092 9.19483 11.9507 6.56649 6.49689 8.03084 6.31524 7.05749 5.84182 5.2947
threshold=-0.0012504327442274252 9.5000000000000018 0.0023632164914469908 0.062179578344483462 -0.00097334640242829884 0.0020079346850959954 0.0023606430234564095 0.62869610938326881 0.89278901121132781 0.86649187452756926 -0.0034986317249806605 -0.00057927218854836305 0.0011551839655676301 0.52236263389405047
decision_type=2 2 2 2 2 2 2 2 2 2 2 2 2 2
left_child=4 2 -2 -4 5 -1 -7 -6 9 13 11 -9 -12 -5
right_child=1 -3 3 8 7 6 -8 10 -10 -11 12 -13 -14 -15
leaf_value=-0.021865392979411809 -0.021282712086122136 0.023348064622903501 0.024507397293920478 -0.021005868357984205 0.015468396997657893 0.035064629662884275 -0.0045902363747703573 0.032454592094292516 -0.022746957315835446 0.027614323055628765 -0.013672097522151476 0.0018439054612277735 0.020107645961842221 -0.0029945573112896153
leaf_weight=16.972689092159271 26.740123406052589 6.7028901129961005 6.3257418274879447 16.156665325164795 59.236705482006073 7.7261067181825629 30.532874122262001 8.5452876389026624 17.700312674045563 5.9618037939071646 26.065810948610309 24.679810047149658 4.5731004923582068 111.11701619625092
leaf_count=75 136 29 28 74 253 33 132 37 82 26 115 107 20 506
internal_value=-0.000959604 -0.00605235 -0.00726 -0.00473726 0.00447312 -0.00412126 0.00403053 0.00835547 -0.00613589 -0.00375375 0.00157491 0.0105227 -0.00805921 -0.00545031
internal_weight=369.037 190.705 184.002 157.262 178.332 55.2317 38.259 123.101 150.936 133.235 63.864 33.2251 30.6389 127.274
internal_count=1653 881 852 716 772 240 165 532 688 606 279 144 135 580
is_linear=0
shrinkage=0.03


Tree=26
num_leaves=15
num_cat=0
split_feature=9 9 28 25 35 34 34 18 30 17 6 7 21 20
split_gain=11.0885 8.82333 7.01482 6.68811 6.29726 5.83886 9.3748 6.90033 6.71994 7.95879 8.84112 9.03365 8.86652 7.30073
threshold=0.00031018898463417674 0.00031989564178406719 0.010141608363314349 0.69004520076878484 0.22225607622734286 0.88929431643571644 0.86649187452756926 0.00072975793503904385 0.0075257369701085706 -0.0025747319569169309 1.5000000000000002 0.00030177506341061427 -0.0060068836836361097 0.0033444659731006027
decision_type=2 2 2 2 2 2 2 2 2 2 2 2 2 2
left_child=-1 -2 4 -4 -3 6 8 -7 -6 -10 -11 -12 13 -13
right_child=1 2 3 -5 5 7 -8 -9 9 10 11 12 -14 -15
leaf_value=-0.010177507259108756 0.034696100677881085 0.033789133279740188 0.011626280736635635 -0.019900076209562544 -0.0032257452983803412 0.010909496435167839 0.041474751630346557 -0.030783966873780877 -0.023759399021385068 -0.0086060842149970635 0.035232465520658014 0.035287028058373249 0.0034858903851955388 -0.001465021296981906
leaf_weight=78.366138681769371 6.4555849730968466 4.9429499804973593 7.2921900600194958 22.436272591352463 100.018126308918 4.8602944314479819 4.7523530125617972 8.7306179106235486 6.2077671438455573 21.37441873550415 12.54875475168228 15.848775014281275 73.138899981975555 6.514611527323722
leaf_count=373 28 21 34 110 447 21 20 40 27 96 53 66 313 28
internal_value=-0.00021259 0.00244878 0.00159997 -0.0119426 0.00320628 0.00246918 0.00358421 -0.0159424 0.00263537 0.00697138 0.00863922 0.0121258 0.00872491 0.024848
internal_weight=373.488 295.122 288.666 29.7285 258.938 253.995 240.404 13.5909 235.651 135.633 129.425 108.051 95.5023 22.3634
internal_count=1677 1304 1276 144 1132 1111 1050 61 1030 583 556 460 407 94
is_linear=0
shrinkage=0.03


Tree=27
num_leaves=15
num_cat=0
split_feature=29 28 17 18 9 9 29 22 28 29 9 29 19 30
split_gain=8.39857 7.84815 7.35609 8.98588 7.75449 9.50511 9.47228 13.7095 8.81948 8.1765 6.73051 6.3229 6.19261 9.90104
threshold=0.0047478745690947878 0.011520363527770751 -0.0012358749535648081 -0.0040555333353453618 0.00076240315790026484 0.00050831490378931579 0.0056091694164708376 0.00066146208841565374 0.002374004421257792 0.008857859088681988 0.00042337547369897098 0.0063986406591975261 0.0009342443980502542 0.0028812562554420816
decision_type=2 2 2 2 2 2 2 2 2 2 2 2 2 2
left_child=12 2 3 -2 5 6 7 -4 -7 10 -8 -6 13 -1
right_child=1 -3 4 -5 11 8 9 -9 -10 -11 -12 -13 -14 -15
leaf_value=-0.018053480903921892 0.01656025635902594 -0.014027920109783428 -0.012504127755702117 -0.019169420276797248 0.036612665264767918 -0.014445097410477597 -0.019792577343860609 0.042417604457483798 0.016934937334542009 0.033395194319631158 0.010671775697203444 0.0077011387613616254 -0.0099259015375620322 0.0044143271022139725
leaf_weight=20.443716406822205 8.7410021126270312 16.301453545689583 4.7971059530973461 17.150511890649796 15.252473816275598 26.792560085654259 12.035414576530462 15.802240699529646 10.347075819969175 5.3807078152894965 12.044200405478476 13.400084644556044 90.811096668243408 98.68923744559288
leaf_count=106 37 79 21 74 65 115 53 67 45 22 52 57 414 448
internal_value=-0.000137017 0.00506035 0.00735954 -0.00682822 0.0105873 0.00595474 0.0143853 0.029502 -0.00540918 0.00309535 -0.00461728 0.0239083 -0.00406923 0.000415599
internal_weight=367.989 158.045 141.743 25.8915 115.852 87.1993 50.0597 20.5993 37.1396 29.4603 24.0796 28.6526 209.944 119.133
internal_count=1655 687 608 111 497 375 215 88 160 127 105 122 968 554
is_linear=0
shrinkage=0.03


Tree=28
num_leaves=15
num_cat=0
split_feature=11 30 12 9 22 0 10 30 14 27 14 24 2 18
split_gain=6.9986 8.48502 9.39449 7.77043 7.64657 8.67623 6.55676 5.7866 5.31738 6.36836 8.45158 6.72048 5.21954 5.21791
threshold=0.0012354231090059844 0.010642114705809532 0.0016785894861748708 0.00028975356281176379 0.00080385007256724859 1.0000000180025095e-35 0.001384529208092937 0.0019725438813234385 0.99986680873735856 0.001647732565448923 0.67504721759661668 0.64901051679296806 8.5000000000000018 -0.0012125304422909708
decision_type=2 2 2 2 2 2 2 2 2 2 2 2 2 2
left_child=3 6 -3 4 7 -6 -2 -1 9 10 12 -11 -5 -10
right_child=1 2 -4 8 5 -7 -8 -9 13 11 -12 -13 -14 -15
leaf_value=-0.023401519156102547 -0.01808099160166475 0.030903672228390314 -0.011752365903362141 -0.028136306616598963 -0.035656548301317752 0.008755507228464408 0.0093053934815844723 0.0041748491399121943 0.02409400645699002 0.025853654479023776 0.0022026252429200375 -0.00016712605109409814 0.0012965629011796123 0.003989041148087338
leaf_weight=7.3301016241312018 49.434779822826385 8.2806767523288745 8.3841990381479246 13.86641785502434 13.037434086203577 4.9066650867462149 8.5252702832221967 37.345213517546654 20.716866344213486 17.465398639440536 126.15370614826679 16.840290710330009 8.105510473251341 26.966057047247887
leaf_count=41 232 36 38 63 62 23 39 176 88 74 550 75 36 119
internal_value=-0.00036813 -0.00851246 0.00982291 0.00171976 -0.00755527 -0.023533 -0.0139124 -0.000697347 0.00427846 0.00189721 -0.000807428 0.0133524 -0.0175641 0.0131012
internal_weight=367.359 74.6249 16.6649 292.734 62.6194 17.9441 57.9601 44.6753 230.114 182.431 148.126 34.3057 21.9719 47.6829
internal_count=1652 345 74 1307 302 85 271 217 1005 798 649 149 99 207
is_linear=0
shrinkage=0.03


Tree=29
num_leaves=15
num_cat=0
split_feature=29 35 35 19 19 27 32 25 15 35 18 29 25 29
split_gain=7.94024 6.09309 5.92995 6.58258 6.82545 7.6025 5.63178 7.85755 5.70732 5.51868 5.41281 5.16513 6.46951 6.17108
threshold=0.0047478745690947878 0.16987636389675195 0.33391835236975081 0.0009342443980502542 0.00060267989122345176 0.00025741081253194414 0.005068117017179052 1.8527027541522447 0.82055993934081661 1.1936566659055841 0.0052988153708343208 0.0056091694164708376 0.53944434609284542 0.008857859088681988
decision_type=2 2 2 2 2 2 2 2 2 2 2 2 2 2
left_child=1 -1 -3 4 5 -4 -5 8 9 -8 11 12 -2 -13
right_child=10 2 3 6 -6 -7 7 -9 -10 -11 -12 13 -14 -15
leaf_value=0.026617012684471746 -0.011123748724502626 -0.019711926629970331 -0.016508027501498223 -0.02580901210226064 0.0086069274131470985 0.0098673968008732727 0.025247306340182307 0.015506319024336752 -0.01506257554384809 -0.013236507997788603 -0.021124774186999304 -0.0019000576440368734 0.017923089679242631 0.015273420484683128
leaf_weight=4.5982604920864096 7.3432655334472647 21.341966271400452 26.723330035805702 14.573982223868368 57.448006361722946 14.273184865713118 6.2928129732608777 12.022350281476973 45.138013333082199 5.2388551831245422 6.0628377944231024 83.959131792187691 43.217040821909904 23.150861486792564
leaf_count=21 33 102 131 68 257 68 28 55 207 24 28 365 186 98
internal_value=-0.000351213 -0.004245 -0.00508561 -0.00325284 0.00197202 -0.00723753 -0.00941583 -0.00557432 -0.0102899 0.00786354 0.00456457 0.00569821 0.0135123 0.00189103
internal_weight=371.384 207.651 203.053 181.711 98.4445 40.9965 83.266 68.692 56.6697 11.5317 163.733 157.67 50.5603 107.11
internal_count=1671 961 940 838 456 199 382 314 259 52 710 682 219 463
is_linear=0
shrinkage=0.03


Tree=30
num_leaves=15
num_cat=0
split_feature=35 30 28 9 34 29 8 9 19 15 7 14 17 30
split_gain=7.30601 8.38288 7.29529 7.81027 8.38557 8.47 7.5996 7.885 14.5499 7.11042 7.00632 7.44771 6.1159 8.55971
threshold=1.8259407965130048 0.0028812562554420816 0.0081079560068765839 0.000707050048876824 0.92827268206445546 0.0022842524702822906 0.00042294578902096763 0.00052925850893718819 0.0008101292046182924 0.76696166301709268 0.0010700485838832099 0.92325623907414556 -0.00085420110794676141 0.0081678735695528155
decision_type=2 2 2 2 2 2 2 2 2 2 2 2 2 2
left_child=1 -1 3 4 5 -3 9 8 -8 -7 -5 -12 13 -11
right_child=-2 2 -4 10 -6 6 7 -9 -10 12 11 -13 -14 -15
leaf_value=-0.018037342239657885 -0.014100511123960777 0.020121589582832746 -0.009789426192646139 0.02437803162237754 -0.028009845570162995 -0.0090805454382468717 -0.017730322064244831 -0.020824598548962972 0.013643194166211944 -0.023348905287369482 -0.014215817290277382 0.015577686755068305 0.012916287974019435 0.014208740445848857
leaf_weight=18.225913286209106 29.699970409274101 21.316774219274521 38.018383994698524 27.819879531860352 7.3499969840049735 23.576170966029167 22.765588819980621 23.485141947865486 29.217571303248405 10.394766211509706 11.877645626664163 17.198244005441666 74.739953801035881 9.4800849258899671
leaf_count=97 139 95 182 118 34 103 104 105 128 46 51 73 329 40
internal_value=-8.33263e-05 0.00118697 0.00235407 0.00404724 0.0014693 0.0026161 0.000580331 -0.00678713 -0.00011527 0.00532731 0.0138696 0.00323915 0.00900627 -0.00546814
internal_weight=365.166 335.466 317.24 279.222 222.326 214.976 193.659 75.4683 51.9832 118.191 56.8958 29.0759 94.6148 19.8749
internal_count=1644 1505 1408 1226 984 950 855 337 232 518 242 124 415 86
is_linear=0
shrinkage=0.03


Tree=31
num_leaves=15
num_cat=0
split_feature=30 34 28 35 29 9 28 36 21 7 25 14 7 30
split_gain=8.98396 8.72823 7.06014 7.01521 6.4522 9.76724 5.36084 5.21126 6.07694 10.5033 6.21806 6.2122 5.0634 5.02995
threshold=0.0028812562554420816 0.10355598883835955 -0.0060705948759188213 1.8259407965130048 0.0022842524702822906 0.00027426425946589698 -0.0014094134976995185 0.21846103546999318 -0.0037728947182408263 0.00098669349398417005 0.78333133671546695 0.92325623907414556 0.00022964274673076271 0.010474527578691309
decision_type=2 2 2 2 2 2 2 2 2 2 2 2 2 2
left_child=-1 2 -2 4 6 12 -3 -7 9 -9 -11 -12 -6 -10
right_child=1 3 -4 -5 5 7 -8 8 13 10 11 -13 -14 -15
leaf_value=-0.019023153856432832 0.025522476170321363 0.036163988034476749 0.0028917822203621997 -0.016740525054829931 -0.0019678150528801819 0.027719113684007906 0.0043849860669502297 0.025375922160554162 -0.0042890703356355444 0.023070011662123545 -0.026796754910797912 0.006305759370536671 -0.02903145350403271 0.0096470162257810028
leaf_weight=20.274604186415672 20.618848368525505 6.779901638627055 30.630390167236328 22.266080752015114 10.965840533375742 5.4217758476734152 13.927422598004339 20.451625466346741 152.46722343564034 5.1131040304899242 9.8946581184864062 8.7936089336872083 14.725893810391424 26.42378357052803
leaf_count=107 87 30 134 106 52 23 62 86 688 22 43 37 70 114
internal_value=-8.84757e-05 0.00105584 0.0123683 -0.000919553 0.000406745 -0.000918921 0.0161148 0.00106954 0.000287872 0.0101253 -0.00335288 -0.0115391 -0.0180989 -0.00217173
internal_weight=368.755 348.48 51.2492 297.231 274.965 254.258 20.7073 228.566 223.144 44.253 23.8014 18.6883 25.6917 178.891
internal_count=1661 1554 221 1333 1227 1135 92 1013 990 188 102 80 122 802
is_linear=0
shrinkage=0.03


Tree=32
num_leaves=15
num_cat=0
split_feature=34 30 36 21 8 17 18 30 11 36 36 29 18 33
split_gain=8.57178 6.54573 12.3176 6.62702 6.5384 6.24963 6.64163 6.19218 7.46236 5.9105 8.52319 9.41051 5.64855 5.92001
threshold=0.073112130446734661 0.0096713634531141995 0.85762072994720695 -0.0034526413060514956 -0.000410885319308607 -0.00097334640242829884 -0.0021708053070252915 0.004484402124899838 0.00044529699664058736 0.65178446508231291 0.41920913613230132 0.0072973355748341077 0.0021050331946166905 -0.002012437037773691
decision_type=2 2 2 2 2 2 2 2 2 2 2 2 2 2
left_child=7 3 9 5 -4 6 -2 -1 -9 10 -3 -12 13 -5
right_child=1 2 4 12 -6 -7 -8 8 -10 -11 11 -13 -14 -15
leaf_value=-0.01414074650901209 -0.017830425229416205 0.023807092053727497 0.015389500404856324 -0.013196384532674726 -0.021656481277628734 0.016814147763395928 0.019193712676533959 0.029490713950386098 -0.0027496214495951105 0.034207856844088495 -0.017963236765968896 0.022671567815477099 -0.015978961610148612 -6.2245808738593277e-05
leaf_weight=4.8087454438209525 12.207606270909311 18.099706098437309 4.961236163973811 38.153216496109962 14.920469895005224 26.114806056022644 5.5069622546434394 20.707582250237468 8.7400368601083738 10.865037262439726 13.643609404563906 6.882536754012107 34.228468775749207 148.53929713368416
leaf_count=24 54 76 22 171 68 112 24 87 38 46 59 29 163 690
internal_value=0.000825339 -0.00064868 0.00747745 -0.00280939 -0.0119742 0.00770271 -0.00574977 0.014898 0.0200472 0.0154335 0.00934671 -0.00377853 -0.00493375 -0.00281838
internal_weight=368.379 334.123 69.3726 264.75 19.8817 43.8294 17.7146 34.2564 29.4476 49.4909 38.6259 20.5261 220.921 186.693
internal_count=1663 1514 300 1214 90 190 78 149 125 210 164 88 1024 861
is_linear=0
shrinkage=0.03


Tree=33
num_leaves=15
num_cat=0
split_feature=21 33 12 30 20 11 18 36 14 11 32 11 28 31
split_gain=8.54959 11.5997 10.449 6.5232 8.47437 7.21442 6.42324 6.35573 13.6668 6.3895 6.33765 7.09473 5.92963 8.69092
threshold=-0.0037728947182408263 0.0018673021237119352 0.00075925521037304735 0.010306133978928812 0.0020456078421834871 0.0012354231090059844 7.7623871164833616e-05 1.1165521710163189 0.92827586038428345 0.0010516706755578367 0.0063518544441444865 0.0015484844025357993 0.003878253987866676 0.0096936041441509375
decision_type=2 2 2 2 2 2 2 2 2 2 2 2 2 2
left_child=1 2 -1 5 -5 7 -6 9 -9 12 11 -7 13 -2
right_child=3 -3 -4 4 6 10 -8 8 -10 -11 -12 -13 -14 -15
leaf_value=0.039362985444340519 -0.002879397216061268 0.049765328400686377 0.0024709762976082928 0.029089858797366662 -0.021528132163405923 -0.020799500762406931 0.010392447096957375 0.033559146147539 -0.012772753317117965 0.020879870540647796 -0.022366697795502218 0.011746105651045545 -0.014982120993841139 0.027515743876517951
leaf_weight=6.7516935318708411 132.0631587356329 5.0649720579385749 67.736737430095673 12.776551499962805 7.6442457139492062 8.9942609369754809 15.484698027372358 12.706765651702883 9.0084759593009931 9.0709241032600385 27.915684759616852 14.157924130558966 32.71616131067276 8.0358524024486524
leaf_count=28 605 21 292 53 33 43 68 57 42 41 133 66 151 34
internal_value=0.00106428 0.0097178 0.00633179 -0.0013198 0.0104586 -0.00302656 -0.000488132 -0.000460515 0.0144903 -0.00233136 -0.0129941 -0.00111083 -0.00368008 -0.000932065
internal_weight=370.128 79.5534 74.4884 290.575 35.9055 254.669 23.1289 203.601 21.7152 181.886 51.0679 23.1522 172.815 140.099
internal_count=1667 341 320 1326 154 1172 101 930 99 831 242 109 790 639
is_linear=0
shrinkage=0.03


Tree=34
num_leaves=15
num_cat=0
split_feature=9 22 30 24 30 29 35 29 29 23 26 27 25 24
split_gain=8.74461 8.85479 6.41991 7.24539 9.51857 9.48531 6.1269 5.50176 10.1243 7.48957 7.46274 6.85217 8.12244 6.80008
threshold=0.00028975356281176379 0.00080385007256724859 0.0022245868966205141 0.40943958904344313 0.0039231507707109745 0.0023670959548933311 1.8259407965130048 0.005083701380105614 0.0056091694164708376 -0.00085408388212655946 0.53444530806944412 0.0017764625823580296 0.60480761070095646 0.43363544345026844
decision_type=2 2 2 2 2 2 2 2 2 2 2 2 2 2
left_child=1 2 -1 4 -4 -5 7 10 9 -9 -2 12 -12 -10
right_child=6 -3 3 5 -6 -7 -8 8 13 -11 11 -13 -14 -15
leaf_value=-0.023151141405477291 -0.020432736306459712 -0.026940276932735797 -0.0093949974173634446 0.021842964225938809 0.037452706918872189 -0.019928484147140286 -0.010537714566686984 -0.0041420027874884057 0.012859445603583044 0.03461567974658334 0.034032798758126599 0.016117686820469934 -0.002525229779191296 -0.0024902712148296984
leaf_weight=9.1354172825813276 13.022339910268782 17.249317511916161 5.7648271769285193 6.0658924579620388 8.8729884028434736 14.958975613117216 26.519565537571907 5.3820107877254513 47.222767889499664 18.699681609869003 4.7536824792623511 25.954218506813049 108.70111939311028 55.17389227449894
leaf_count=52 59 84 28 29 40 71 125 23 201 80 21 117 487 240
internal_value=0.000859394 -0.00930683 -0.00201166 0.00380541 0.0193898 -0.00729621 0.00295807 0.00428507 0.00888554 0.0260143 0.000415288 0.00251574 -0.000683297 0.00461552
internal_weight=367.477 62.0474 44.7981 35.6627 14.6378 21.0249 305.429 278.91 126.478 24.0817 152.431 139.409 113.455 102.397
internal_count=1657 304 220 168 68 100 1353 1228 544 103 684 625 508 441
is_linear=0
shrinkage=0.03


Tree=35
num_leaves=15
num_cat=0
split_feature=29 12 18 26 26 9 30 17 30 29 24 14 9 15
split_gain=7.62851 8.84601 5.56214 6.40643 9.54076 8.01485 8.18123 6.66591 6.61957 7.69654 5.9694 6.88254 6.84355 5.74314
threshold=0.0092186433980896692 0.0012417610181555689 0.0021050331946166905 1.1478503151067245 1.1763584566442835 0.00031018898463417674 0.0040899450988988407 0.00061172013244836798 0.007321485062364185 0.0056364631940248825 0.50296474358976229 0.9910285508853488 0.00055276422536421239 1.2595096345387675
decision_type=2 2 2 2 2 2 2 2 2 2 2 2 2 2
left_child=2 -2 3 7 -5 -6 -7 13 10 -10 -8 12 -12 -1
right_child=1 -3 -4 4 5 6 8 -9 9 -11 11 -13 -14 -15
leaf_value=-0.0080155697296879561 0.040082907926763944 0.00035094407831930336 -0.010577068286480855 0.040930283818061998 -0.010750656348462614 0.032746763822040927 -0.018731697159247721 -0.018381168271809138 0.022440018284858487 -0.0012773979328633267 0.010518988080279509 0.03109630851927641 -0.024718024782201135 0.0038735334167340168
leaf_weight=60.684855476021767 8.0052116662263888 11.855478525161741 46.31868189573288 5.5323509871959677 26.363911971449852 9.4703852087259275 15.135169506072996 21.896697998046875 26.410427525639534 21.759852275252342 10.750911235809332 5.5813535153865805 7.5670783668756476 88.596552759408951
leaf_count=272 33 51 218 24 129 41 68 100 114 93 48 24 35 401
internal_value=3.56038e-05 0.0176632 -0.00101537 0.000482429 0.00552855 0.00359541 0.0076084 -0.00330037 0.00450407 0.0118571 -0.00456448 0.00467893 -0.00440799 -0.000960758
internal_weight=365.929 19.8607 346.068 299.75 128.571 123.039 96.6752 171.178 87.2048 48.1703 39.0345 23.8993 18.318 149.281
internal_count=1651 84 1567 1349 576 552 423 773 382 207 175 107 83 673
is_linear=0
shrinkage=0.03


Tree=36
num_leaves=15
num_cat=0
split_feature=9 22 21 23 29 28 36 24 9 29 18 29 10 29
split_gain=12.4839 6.62375 6.00711 10.3252 6.96032 6.14666 6.1466 6.01455 8.27714 5.89644 8.68384 7.69903 8.98113 9.14263
threshold=0.00028975356281176379 0.0007964322264813542 -0.0037728947182408263 -0.0010064859449668145 0.0062964344686853484 0.010141608363314349 0.79056017999625949 0.51483516901475068 0.00072500303531785465 0.0050677134615411288 0.0021740875726161128 0.0056091694164708376 0.0010018375921665088 0.0062709996652504478
decision_type=2 2 2 2 2 2 2 2 2 2 2 2 2 2
left_child=1 -1 3 -2 7 9 -6 -5 -9 10 -4 -11 13 -13
right_child=2 -3 5 4 6 -7 -8 8 -10 11 -12 12 -14 -15
leaf_value=-0.0051449153263132784 -0.0009226398075867034 -0.02636406687332345 0.0011529795560964022 0.041620540815740695 0.021478610544420271 -0.014604221782978398 -0.020983274272394624 -0.01082333485763127 0.030615101737209556 0.024408757849840677 -0.020506363882562384 -0.022001974062037695 0.02398743346747987 0.0056438144414144784
leaf_weight=43.32241091132164 40.789113163948059 18.846175745129585 105.45255275070667 13.758321940898897 4.8253239244222623 21.792446106672287 5.4723819196224213 6.7167844474315634 9.192610099911688 18.87995719909668 18.725293785333633 15.010922849178312 12.841698050498961 31.757945507764816
leaf_count=215 176 93 470 58 20 110 24 29 39 80 91 65 54 135
internal_value=0.000194156 -0.0119404 0.00270654 0.00966953 0.0203119 0.000156379 -0.000680837 0.0274809 0.0133373 0.00182219 -0.00222688 0.0082133 0.00271627 -0.00344141
internal_weight=367.384 62.1686 305.215 80.7545 39.9654 224.461 10.2977 29.6677 15.9094 202.668 124.178 78.4905 59.6106 46.7689
internal_count=1659 308 1351 346 170 1005 44 126 68 895 561 334 254 200
is_linear=0
shrinkage=0.03


Tree=37
num_leaves=15
num_cat=0
split_feature=36 36 28 17 27 34 17 31 28 17 10 29 28 9
split_gain=5.83904 9.52654 7.80114 5.47577 8.55823 11.6647 9.31556 7.17952 6.66363 5.50732 5.30029 6.03479 5.15878 5.53242
threshold=0.21846103546999318 0.26083869899411799 -0.00028493055440176324 -0.00018202600481009854 0.0018455449153597649 0.10355598883835955 -0.0007431441665246562 -0.012569917465633072 -0.00592695384300601 -5.4015225318559949e-05 0.0018355161316713348 0.0082727882463452911 0.018727464153392496 0.0011581126662802772
decision_type=2 2 2 2 2 2 2 2 2 2 2 2 2 2
left_child=2 -2 -1 4 5 6 8 -5 -3 -9 11 -7 13 -11
right_child=1 3 -4 7 -6 10 -8 9 -10 12 -12 -13 -14 -15
leaf_value=0.039243531217306324 -0.029270451125408492 0.022819180216015877 -0.0038465794378973301 0.017646984287543587 0.027141296986198982 -0.0031854721343383 0.033085977788130272 -0.020694908335830948 -0.016313259407046449 -0.0034971434869724731 -0.027301154616488011 0.024281089743430021 -0.029844047613597314 0.020813393965565176
leaf_weight=6.6440779566764832 9.4824217259883863 5.7258677482604972 6.9376563131809217 12.513514354825018 12.287422955036162 90.778876125812531 15.848393380641935 17.227754428982735 8.3754223287105578 156.5951331704855 6.4654796868562689 6.8042649179697028 5.3467954099178305 7.8850283324718466
leaf_count=29 44 24 33 55 52 402 67 82 37 726 29 28 27 35
internal_value=-0.000323872 -0.00109238 0.0182727 -0.000228998 0.00415478 0.00183929 0.0180286 -0.003462 0 -0.00497643 -0.0029194 -0.00101298 -0.00325253 -0.00219486
internal_weight=368.918 355.336 13.5817 345.854 146.286 133.998 29.9497 199.568 14.1013 187.055 104.049 97.5831 169.827 164.48
internal_count=1670 1608 62 1564 639 587 128 925 61 870 459 430 788 761
is_linear=0
shrinkage=0.03


Tree=38
num_leaves=15
num_cat=0
split_feature=20 35 21 28 20 7 9 15 30 29 20 31 29 36
split_gain=5.87068 6.55278 6.77993 6.38064 5.8005 9.50171 8.61155 6.39284 5.51296 6.52419 8.82059 11.747 9.43115 5.72136
threshold=0.00089931634235763697 1.8084798395407942 -0.0078758594744919846 0.0081079560068765839 0.0025316012133834403 0.001418492382202541 0.00055582845017015947 0.62404099006501723 0.0054890868574959421 0.0039929920623643731 0.0017050780329671562 0.0059274584746661372 0.005505566651941747 0.4498613485204434
decision_type=2 2 2 2 2 2 2 2 2 2 2 2 2 2
left_child=-1 3 -3 4 6 7 8 -6 13 -10 11 -11 -13 -2
right_child=1 2 -4 -5 5 -7 -8 -9 9 10 -12 12 -14 -15
leaf_value=-0.0085021303768326086 0.038433353752677778 0.014973660817292872 -0.01878983022795154 -0.0083053224009649162 0.053984005489162143 -0.0041449173359309963 -0.0062819397503625536 0.016688264016247699 -0.010538021477177612 -0.0085824645181533116 0.024703572743893034 0.043529097986278527 0.00022952838024934468 0.010137192546071485
leaf_weight=59.075264498591423 7.379630282521247 5.9616362899541882 23.201470583677292 36.568861320614815 5.081687584519389 13.896698996424673 62.594457343220711 20.028998151421547 23.431047201156616 36.474602192640305 18.401690378785133 7.63308818638325 9.8378532528877241 36.463215500116348
leaf_count=293 32 26 112 177 21 59 273 85 106 160 78 32 42 161
internal_value=6.82195e-05 0.00174963 -0.0115207 0.00318986 0.00497198 0.0154348 0.00287292 0.0261292 0.00701402 0.00287761 0.00734785 0.00103109 0.0206421 0.0157178
internal_weight=366.03 306.955 29.1631 277.792 241.223 39.0074 202.216 25.1107 139.621 95.7783 72.3472 53.9455 17.4709 43.8428
internal_count=1657 1364 138 1226 1049 165 884 106 611 418 312 234 74 193
is_linear=0
shrinkage=0.03


Tree=39
num_leaves=15
num_cat=0
split_feature=21 2 27 28 31 31 21 20 32 19 31 28 28 34
split_gain=7.21258 7.23427 6.0845 5.24733 6.84395 9.30415 8.04041 7.80977 11.6027 8.01856 8.28076 6.67505 5.98906 7.55077
threshold=-0.0012504327442274252 9.5000000000000018 -0.00046781280853847024 0.018727464153392496 0.00895724690624994 0.0064147324714689544 -0.00035451840817446451 0.0013538958997014192 0.0024368800772086581 0.0013770823176901695 0.0025757734454038843 0.0019745080492034055 -0.00030850911463797809 0.36112774399746345
decision_type=2 2 2 2 2 2 2 2 2 2 2 2 2 2
left_child=2 3 -1 4 5 6 -2 8 -8 -9 -11 -6 13 -10
right_child=1 -3 -4 -5 11 -7 7 9 12 10 -12 -13 -14 -15
leaf_value=0.001692244134797375 -0.020072062583383003 0.023863064810338806 0.016587235346536354 -0.033302819207011294 0.026237599308589907 -0.028631382902813172 -0.012196834018808245 -0.018823612331631965 0.028478208637837971 0.017893365775284012 -0.022902711580103482 -0.0014475592298747286 0.026988444187283068 -0.01485912940240426
leaf_weight=148.3865480273962 23.179381012916565 6.8991649597883216 28.844526648521423 4.9462985545396796 10.396734878420828 15.53052908182144 17.277955740690231 29.715866312384605 4.7681931406259492 13.693192556500437 5.4375659376382819 24.219639077782631 20.807843074202541 8.6853680014610273
leaf_count=646 119 30 122 26 45 73 90 138 21 62 26 114 93 40
internal_value=-9.49227e-05 -0.00422587 0.00421271 -0.00545405 -0.00445783 -0.00743315 -0.00453627 -0.000756834 0.00728936 -0.00928269 0.00558712 0.00728643 0.0172685 0.00120051
internal_weight=362.789 185.558 177.231 178.659 173.712 139.096 123.565 100.386 51.5394 48.8466 19.1308 34.6164 34.2614 13.4536
internal_count=1645 877 768 847 821 662 589 470 244 226 88 159 154 61
is_linear=0
shrinkage=0.03


Tree=40
num_leaves=15
num_cat=0
split_feature=21 21 28 33 27 9 28 27 24 4 17 31 18 15
split_gain=6.82802 10.726 6.7539 6.89771 7.91558 8.67131 6.70933 6.57241 5.36075 6.18821 6.22724 5.14532 4.94836 6.15102
threshold=-0.0012504327442274252 -0.00012336511126909142 0.010141608363314349 0.0017850477304851913 -0.00078202038631836046 0.00035823916548227713 -0.0054581636146177051 -0.00046781280853847024 0.59932493458439395 4.5000000000000009 0.0020739635851175779 0.0076426679509020721 -0.00013179220706294179 1.2595096345387675
decision_type=2 2 2 2 2 2 2 2 2 2 2 2 2 2
left_child=7 12 3 4 5 -3 -5 -1 -8 11 -11 -10 -2 -14
right_child=1 2 -4 6 -6 -7 8 -9 9 10 -12 -13 13 -15
leaf_value=0.00199625564616829 -0.02729324254412157 0.036499425908617898 -0.017585887125101698 -0.017313152518306282 -0.0085516634977443277 0.00017894208235869752 0.030111154687977534 0.017218361208464872 -0.019269208983711057 0.037442780249571421 -0.0015941761042708536 0.015898801024914921 -0.029478534556543555 0.0089053482154630263
leaf_weight=152.01440705358982 20.722023278474808 7.1372696608305004 16.630755349993706 5.5214929282665244 63.659991025924683 22.327726051211357 13.996763229370115 29.941299542784691 9.0866729468107241 7.5873536020517331 6.0476293414831161 4.9586097598075858 4.67588186264038 10.071082457900046
leaf_count=663 107 32 88 24 302 101 59 126 42 33 27 22 23 49
internal_value=0.000437254 -0.00348499 -6.0074e-05 0.00210555 -0.00261111 0.00998457 0.0113351 0.00459791 0.0155175 0.00724093 0.0209976 -0.00642244 -0.0181411 -0.00417381
internal_weight=374.379 192.423 156.954 140.324 93.125 29.465 47.1985 181.956 41.677 27.6803 13.635 14.0453 35.469 14.747
internal_count=1698 909 730 642 435 133 207 789 183 124 60 64 179 72
is_linear=0
shrinkage=0.03


Tree=41
num_leaves=15
num_cat=0
split_feature=9 6 13 25 9 7 8 7 15 17 15 21 28 31
split_gain=8.5851 5.83429 7.43435 6.0548 7.79226 5.56139 8.81661 7.01824 5.32097 4.64726 4.62137 4.48129 4.96221 5.92
threshold=0.00030592516894465874 1.5000000000000002 0.00040136930513194483 1.4700824076573793 0.00038722460654932181 0.00077232707436497583 0.00066978909296377964 0.00066067523152657525 3.5285747895344106 -0.00097334640242829884 1.4482714515758199 -0.0032453436703118173 -0.0033999238062433208 -0.00059200550027826971
decision_type=2 2 2 2 2 2 2 2 2 2 2 2 2 2
left_child=-1 10 -3 5 -5 6 7 11 -7 -6 -2 -4 -13 -14
right_child=1 2 3 4 9 8 -8 -9 -10 -11 -12 12 13 -15
leaf_value=-0.0093072530519980219 0.00041838224918036359 0.014839383051681058 0.019269890266304525 -0.01823930828672907 0.00088169847693267422 -0.0078944241182066881 -0.017411557246676493 0.031325373212001774 0.022145747340870214 0.024696906116132566 -0.015593633115112233 -0.021661013234323935 0.030352709570389786 -0.010589756536491583
leaf_weight=73.230961352586746 42.793232977390289 47.629264265298843 10.214601799845694 5.7086019814014426 11.167445093393324 82.287616908550262 10.114721342921255 11.696048840880392 4.6678653210401526 22.86946901679039 24.742414921522141 7.6745300740003577 4.7758763283491126 6.1138933748006883
leaf_count=361 200 209 43 25 48 362 46 50 20 98 117 33 20 27
internal_value=-0.000185729 0.00211201 0.00443908 0.00156065 0.0117282 -0.00141918 0.00638438 0.0126798 -0.00601428 0.017217 -0.00554595 0.00420379 -0.0044939 0.00815652
internal_weight=365.687 292.456 224.92 177.291 39.7455 137.545 50.5897 40.475 86.9555 34.0369 67.5356 28.7789 18.5643 10.8898
internal_count=1659 1298 981 772 171 601 219 173 382 146 317 123 80 47
is_linear=0
shrinkage=0.03


Tree=42
num_leaves=15
num_cat=0
split_feature=29 28 28 34 24 14 29 27 21 35 34 14 27 29
split_gain=5.96406 4.96972 10.1733 13.2584 6.19397 5.70904 5.62859 5.19094 6.11055 6.06583 8.93122 6.25631 4.90808 4.60745
threshold=0.0018840234877291527 -0.013565755050565008 -0.0064358388089890131 0.45430632199238741 0.0046582094376541048 0.88987274161700991 0.0034911253520613851 0.0018455449153597649 -0.0037020262053901738 0.70806041628733751 0.88929431643571644 0.16874154362013641 -0.001466363647094626 0.0094416999363291457
decision_type=2 2 2 2 2 2 2 2 2 2 2 2 2 2
left_child=-1 -2 3 6 12 -5 -3 13 -9 10 -10 -11 -4 -6
right_child=1 2 4 5 7 -7 -8 8 9 11 -12 -13 -14 -15
leaf_value=-0.015554877353311094 -0.011292552244424877 -0.00042831404801045174 0 0.0082641966393113692 -0.0051749565773850795 -0.030987226289231284 0.028650025907729706 0.037156345120673874 0.022419057698042536 0.018421148742693998 -0.014558707606787067 -0.014849542418401451 0.035357686821333612 0.019768171839597982
leaf_weight=21.88916052877903 29.559544801712036 7.2115420401096335 6.886958509683609 5.4983755052089673 190.77815766632557 6.0805659294128418 28.759841203689575 4.1310791075229636 20.276316702365879 5.6316085159778622 7.2305342704057685 20.981492057442665 6.3647263050079328 5.8924393206834784
leaf_count=117 129 32 30 24 869 27 120 17 88 26 33 100 28 25
internal_value=-0.00072272 0.000251103 0.00137359 0.0140143 -0.000900357 -0.0129346 0.0228854 -0.00197961 0.00579851 0.00271981 0.012424 -0.00728833 0.0183328 -0.00431623
internal_weight=367.172 345.283 315.724 47.5503 268.173 11.5789 35.9714 254.922 58.251 54.12 27.5069 26.6131 13.2517 196.671
internal_count=1665 1548 1419 203 1216 51 152 1158 264 247 121 126 58 894
is_linear=0
shrinkage=0.03


Tree=43
num_leaves=15
num_cat=0
split_feature=28 24 28 36 21 16 16 18 14 24 31 31 15 18
split_gain=5.68865 8.20902 7.05553 5.81718 6.66489 6.18958 7.28481 7.54554 9.10636 6.01571 5.96185 7.28272 6.74243 6.29266
threshold=0.0090689974604100127 0.41874824858567794 0.013165642087636599 1.7948519433789711 -0.0078758594744919846 1.7727872214908087 2.0177493842906502 0.0015354194262274803 0.97924609519216577 0.65266723304205854 0.00895724690624994 0.0025757734454038843 1.5875254346050605 0.00010851373159437296
decision_type=2 2 2 2 2 2 2 2 2 2 2 2 2 2
left_child=3 2 -2 5 -5 10 -7 8 9 -8 11 13 -13 -1
right_child=1 -3 -4 4 -6 6 7 -9 -10 -11 -12 12 -14 -15
leaf_value=0.00086620926240273881 -0.014484408987869053 -0.020912527900322251 0.027551251730486826 0.014555086031387991 -0.020480631528438816 -0.020374368308787104 0.027686035889168702 -0.025361342082993229 -0.0102021325300495 0.00016785778816584611 0.015127014999119712 -0.010569065457885362 0.024281802444648198 0.013930762901059643
leaf_weight=85.132997438311577 5.8047326356172544 24.662747770547867 6.6548032760620117 5.5043861567974117 19.703997731208801 19.606396436691284 15.529344573616983 7.6559458523988715 19.881332874298096 13.011194333434103 39.867672622203827 47.266189485788345 4.5800999402999869 54.096243903040886
leaf_count=377 28 127 31 24 95 90 67 36 95 59 170 214 20 247
internal_value=-0.000147043 -0.0111309 0.00812338 0.00110245 -0.0124525 0.00226344 -0.00511734 0.000427896 0.00499677 0.0156728 0.00470682 0.0024496 -0.00703235 0.00602686
internal_weight=368.958 37.1223 12.4595 331.836 25.2084 306.627 75.6842 56.0778 48.4219 28.5405 230.943 191.076 51.8463 139.229
internal_count=1680 186 59 1494 119 1375 347 257 221 126 1028 858 234 624
is_linear=0
shrinkage=0.03


Tree=44
num_leaves=15
num_cat=0
split_feature=30 36 19 8 19 10 24 34 18 14 32 9 22 22
split_gain=7.97952 6.1553 8.15404 9.39915 8.45731 7.76215 6.12503 7.31074 5.98886 5.91287 5.57434 5.72078 5.93859 5.4004
threshold=0.0018771631879842851 1.7948519433789711 0.0015644112462822335 0.00042294578902096763 0.0012244143579887669 0.00027813374892778439 0.59466374125161792 0.42177244845038953 -3.5790025130544294e-05 0.92120498418553043 0.0083789557544555887 0.00065722349255154368 0.0032013856329457971 0.00080385007256724859
decision_type=2 2 2 2 2 2 2 2 2 2 2 2 2 2
left_child=-1 2 3 13 5 -5 9 8 -8 -7 -4 -12 -13 -2
right_child=1 -3 10 4 -6 6 7 -9 -10 -11 11 12 -14 -15
leaf_value=-0.031803362702533956 0.013705077839599332 -0.011458043478292348 0.027759486437047679 -0.028962123610487785 -0.020273719425186191 0.029133289951089221 -0.0095636930766547119 -0.014545376725034804 0.020508585240240924 -0.00099234136073105342 -0.01490418297792041 0.024088883946834536 0.0002238671290948695 0.0015950550582212097
leaf_weight=5.5374717563390723 45.575707539916039 28.636883974075317 15.439058259129522 7.1420081555843344 27.823854714632034 11.146554589271547 9.2144948393106478 26.182383060455322 13.4217482060194 10.854438871145247 7.8395227044820777 17.507415220141411 19.59762254357338 118.56287211179733
leaf_count=34 215 138 67 36 127 49 41 125 60 47 35 74 85 524
internal_value=0.00102659 0.00162834 0.00280311 0.000545043 -0.00638072 -0.00119046 0.00193274 -0.0039603 0.00825348 0.0147431 0.0126748 0.00693637 0.0118996 0.00503839
internal_weight=364.482 358.945 330.308 269.924 105.785 77.9616 70.8196 48.8186 22.6362 22.001 60.3836 44.9446 37.105 164.139
internal_count=1657 1623 1485 1224 485 358 322 226 101 96 261 194 159 739
is_linear=0
shrinkage=0.03


Tree=45
num_leaves=15
num_cat=0
split_feature=19 34 5 22 9 20 8 9 9 15 6 7 15 15
split_gain=5.15463 6.03039 5.87229 4.71765 5.21448 4.29156 4.26769 3.6697 7.99949 6.49413 4.57302 6.63517 7.41012 4.7
threshold=0.00035198159946370542 0.073112130446734661 3.5000000000000004 0.00096233558494532117 0.0004168043670282741 0.00049108384364256077 0.00082586562973335786 0.0003034300233735076 0.00031989564178406719 0.3653885548756895 1.5000000000000002 0.00058797634526003295 2.4043807632814951 1.613168845472323
decision_type=2 2 2 2 2 2 2 2 2 2 2 2 2 2
left_child=-1 3 5 -2 -5 -3 -6 -7 -9 -10 -11 12 13 -12
right_child=1 2 -4 4 6 7 -8 8 9 10 11 -13 -14 -15
leaf_value=-0.017558306759903608 0.03244093037737307 0.031360204118349028 0.0305199655093896 -0.019068968552743107 0.02303781617676233 -0.0082976720488804785 -0.0038384433658252295 0.029016115623286341 0.032917048623355621 -0.008012831101228109 0.0094021072082348025 -0.0026598398924290324 0.042121185872658326 -0.01370288709077243
leaf_weight=12.276513561606405 7.8631994426250449 2.7871973961591712 4.6389074474573126 4.7683683186769512 12.95720022916794 48.03153569996357 7.9076791554689398 7.6476272493600836 4.1804344803094855 62.03614816069603 49.734667494893074 125.33070005476475 4.6672431826591483 8.3874936848878843
leaf_count=72 34 14 21 21 54 231 34 33 18 294 216 553 20 37
internal_value=0.000777582 0.0014756 0.000170941 0.0133894 0.00643387 -0.000365403 0.013005 -0.000760192 0.0006366 -0.000315289 -0.00101144 0.0013117 0.00920354 0.00584175
internal_weight=363.215 350.938 317.442 33.4964 25.6332 312.803 20.8649 310.016 261.984 254.337 250.156 188.12 62.7894 58.1222
internal_count=1652 1580 1437 143 109 1416 88 1402 1171 1138 1120 826 273 253
is_linear=0
shrinkage=0.03


Tree=46
num_leaves=15
num_cat=0
split_feature=30 18 22 17 7 22 22 14 20 5 14 15 28 34
split_gain=7.3371 5.31957 5.92151 5.86385 6.17484 7.75207 7.61985 7.11726 5.65004 8.74001 7.48486 7.57348 6.42784 5.56356
threshold=0.0022245868966205141 0.0021050331946166905 0.0019416869713387807 -0.00097334640242829884 0.0013124489470901504 0.0018828574565961677 0.0023606430234564095 0.85190007051154792 0.00088150701135117696 2.5000000000000004 0.99615378925757236 2.0875391233037566 -0.0022126652834114631 0.65594505261517888
decision_type=2 2 2 2 2 2 2 2 2 2 2 2 2 2
left_child=-1 3 -3 4 5 -2 -7 -8 9 12 11 -10 -5 -12
right_child=1 2 -4 8 -6 6 7 -9 10 -11 13 -13 -14 -15
leaf_value=-0.024158494298329385 -0.018260070839491795 -0.022419518278584925 -0.00084070863197491751 0.0059826714501474395 -0.01934438219154043 0.027743536640348385 -0.023966209653944817 0.013037228523794804 -0.00075045570646058786 0.025251163633657626 0.019644692792164735 0.016887346797516013 -0.019559964076142859 -0.0054605746228461056
leaf_weight=10.113663807511328 12.294106170535086 16.612552240490913 33.80888432264328 12.660959348082541 19.978840261697769 10.998814553022386 7.3191497474908855 9.6546246409416181 112.88480165600777 6.1048316806554785 47.210622727870941 26.086180627346039 24.933051392436028 8.8484487086534482
leaf_count=60 55 80 161 59 88 47 32 41 500 29 204 116 125 40
internal_value=-0.000154329 0.000598901 -0.00830644 0.00213345 -0.00614177 0.0006462 0.00940261 -0.00319753 0.00425121 -0.00537185 0.00643908 0.00263589 -0.0109478 0.0156032
internal_weight=359.51 349.396 50.4214 298.974 60.2455 40.2667 27.9726 16.9738 238.729 43.6988 195.03 138.971 37.594 56.0591
internal_count=1637 1577 241 1336 263 175 120 73 1073 213 860 616 184 244
is_linear=0
shrinkage=0.03


Tree=47
num_leaves=15
num_cat=0
split_feature=29 12 20 35 29 35 10 30 30 21 35 19 12 36
split_gain=5.70332 7.8098 6.68568 7.60654 6.95976 8.3108 6.42574 5.84756 7.58622 5.73969 5.55926 5.47127 4.98097 4.707
threshold=0.005083701380105614 0.0016785894861748708 0.0024340508029671959 1.0456182541365944 0.0056091694164708376 0.41548127782958649 0.00064239743360784099 0.0096713634531141995 0.0090354216937310848 -0.0078758594744919846 0.7726855129856548 0.00082738109929235708 0.00090332553051823488 0.16882841247959085
decision_type=2 2 2 2 2 2 2 2 2 2 2 2 2 2
left_child=9 2 3 4 11 7 -7 8 -6 -1 -4 -2 -13 -11
right_child=1 -3 10 -5 5 6 -8 -9 -10 13 -12 12 -14 -15
leaf_value=0.036164323152306312 -0.0060833514097109716 -0.0078919279904226571 0.034352583484005529 0.037909906547557007 0.010631728563414667 0.0073341949764047665 -0.023763574146610997 0.020634734963906137 -0.032613410037946516 0.026138330153383838 0.0055554144045809987 0.039822021039971137 0.0016150750468342586 -0.0040530906895006082
leaf_weight=2.3376658558845511 5.9221575558185604 31.918570443987846 13.683935955166818 4.6718619316816321 8.5793853402137774 7.6441553235054043 19.917891651391983 14.184912413358687 4.8986140787601462 3.7359422743320456 11.494414523243902 8.3887770324945432 4.9440856724977484 222.87226119637489
leaf_count=10 26 143 57 20 38 33 88 59 22 17 51 35 21 1045
internal_value=2.37129e-05 0.00487118 0.00884224 0.00438558 0.00176858 -0.00364389 -0.015079 0.0077734 -0.00604562 -0.00285667 0.0220351 0.0168536 0.0269646 -0.00342951
internal_weight=365.195 136.249 104.33 79.1518 74.48 55.225 27.562 27.6629 13.478 228.946 25.1784 19.255 13.3329 226.608
internal_count=1665 593 450 342 322 240 121 119 60 1072 108 82 56 1062
is_linear=0
shrinkage=0.03


Tree=48
num_leaves=15
num_cat=0
split_feature=34 19 34 28 23 23 36 20 20 10 12 36 10 20
split_gain=6.60566 6.23476 4.84897 8.3115 5.94718 7.63368 5.25544 5.16328 4.67266 10.6643 7.7665 6.99385 5.78667 5.14639
threshold=0.91433728004666592 0.00035198159946370542 0.10355598883835955 -0.0060705948759188213 -0.0010803738756513042 1.2572088580365878e-05 1.8281684002986716 0.0039510079253987536 0.0025316012133834403 0.00087494968924452319 0.0028795239250260347 1.0979522377458 0.000931124053369687 0.0026330470003974463
decision_type=2 2 2 2 2 2 2 2 2 2 2 2 2 2
left_child=1 -1 3 -3 -5 -6 8 -8 9 11 13 -4 -11 -10
right_child=-2 2 6 4 5 -7 7 -9 10 12 -12 -13 -14 -15
leaf_value=-0.022289483996028994 -0.01717741856952484 0.025247947505021857 0.00058341401947368642 -0.023383985294700219 0.019608391945368342 -0.013331400581863264 -0.022103593575603795 0.0066777309222049754 0.040184696786806869 -0.037244707308520933 -0.018096974137342087 0.020049614554464044 -0.0078610141300693055 0.010185766120283822
leaf_weight=8.9856452345848066 17.833697482943535 19.183995291590691 178.9187825024128 6.3099867403507259 15.682437270879747 9.2255207300186139 16.267451867461208 7.5403445661067954 5.9451904594898215 7.772125035524371 6.0038533061742774 17.365239560604095 23.199120312929153 26.817265093326569
leaf_count=54 88 80 812 28 68 41 81 36 25 35 27 78 104 116
internal_value=0.000121319 0.00105982 0.00174879 0.0102421 0.000430153 0.00724855 0.00023133 -0.0129654 0.00146775 -0.00017858 0.0109561 0.00241369 -0.0162629 0.0167473
internal_weight=367.051 349.217 340.231 50.4019 31.2179 24.908 289.829 23.8078 266.022 227.255 38.7663 196.284 30.9712 32.7625
internal_count=1673 1585 1531 217 137 109 1314 117 1197 1029 168 890 139 141
is_linear=0
shrinkage=0.03


Tree=49
num_leaves=15
num_cat=0
split_feature=35 36 30 28 11 28 29 7 3 24 24 25 28 34
split_gain=5.37041 5.75836 8.98284 8.67788 6.16114 5.98446 5.40783 4.84574 4.33757 10.7142 10.1488 5.20537 4.75392 11.8911
threshold=1.8084798395407942 1.2322886479217312 0.011188394689580387 0.0086283989034211545 0.0009956459173831591 -0.0019250702636125492 0.0049779896284165848 0.0015786999175646523 1.0000000180025095e-35 0.99443449695466168 0.99987086776860645 0.53944434609284542 -0.0060705948759188213 0.44636025805865936
decision_type=2 2 2 2 2 2 2 2 2 2 2 2 2 2
left_child=1 2 3 8 5 -3 -6 -2 9 11 12 -1 13 -10
right_child=7 4 -4 -5 6 -7 -8 -9 10 -11 -12 -13 -14 -15
leaf_value=-0.014632062588541061 -0.019407066067902989 0.0016636716583285384 0.013072401133346373 -0.019748870745259408 -0.019383392840943002 0.035291581270671647 0.017003034967384235 0.0069992833655873506 0.013275267636841658 -0.028088634170082404 0.025853357629382911 0.01645321860136648 -0.0070710354618443725 -0.023483685824841664
leaf_weight=4.6659159064292899 21.887239471077923 8.0350887030363083 36.944485023617744 22.980611518025398 7.3279368728399259 11.863643884658813 5.5596843957901001 7.8135740906000128 31.645073220133781 5.7278985232114783 9.4961383491754514 37.145497873425484 141.41673012077808 9.448247015476225
leaf_count=22 109 35 156 118 36 51 24 36 133 27 44 168 650 43
internal_value=-0.000349515 0.00074905 -0.000564096 -0.00253683 0.0124938 0.0225856 -0.00337633 -0.0123608 -0.000797894 0.00720518 -0.00282201 0.0126535 -0.00446311 0.0043952
internal_weight=361.958 332.257 299.471 262.526 32.7864 19.8987 12.8876 29.7008 239.546 47.5393 192.006 41.8114 182.51 41.0933
internal_count=1652 1507 1361 1205 146 86 60 145 1087 217 870 190 826 176
is_linear=0
shrinkage=0.03


Tree=50
num_leaves=15
num_cat=0
split_feature=30 11 11 32 30 33 28 33 26 15 32 7 34 26
split_gain=4.57447 4.48269 9.09163 6.99582 4.62639 4.27086 5.82218 6.29526 6.06107 4.10371 4.40192 8.61604 7.83576 6.87773
threshold=0.0019725438813234385 0.0012354231090059844 0.0016860603289116096 0.0075991770095832781 0.0063590584198557317 0.0042612150955721618 0.0078086217281625467 0.00047210399416196849 0.63718328478618735 2.9804567224418341 0.0048255650745629057 0.00035168790208695016 0.4803128850587563 1.8267936140931444
decision_type=2 2 2 2 2 2 2 2 2 2 2 2 2 2
left_child=-1 5 -3 4 -4 6 9 8 -8 10 -2 -12 13 -13
right_child=1 2 3 -5 -6 -7 7 -9 -10 -11 11 12 -14 -15
leaf_value=-0.021424769571399455 0.00031833320509414508 -0.017077271555292053 -0.0051747052748921047 -0.0069441356103090365 0.027193240131531845 0.022180132123280454 0.026465633256488031 -0.032959196217149385 -0.012183980961495833 -0.010505387093234855 0.030346561994932079 0.0053531069784763449 -0.012268190714667252 0.027739806071692685
leaf_weight=7.1509031951427451 111.287343531847 31.737612023949623 5.0453049689531353 21.745618596673012 12.408192589879034 9.13292148709297 4.240579396486285 7.3187924325466147 11.029419079422949 16.196042105555534 13.563124135136603 75.747098907828331 17.457970678806305 14.111346215009688
leaf_count=46 510 152 25 104 56 40 20 37 53 75 58 326 77 59
internal_value=0.000776753 0.00129714 -0.00537539 0.00421355 0.0179006 0.00301086 0.00227451 -0.011957 -0.000299383 0.00362367 0.00466302 0.00860289 0.00557233 0.00916834
internal_weight=358.172 351.021 70.9367 39.1991 17.4535 280.085 270.952 22.5888 15.27 248.363 232.167 120.88 107.316 89.8584
internal_count=1638 1592 337 185 81 1255 1215 110 73 1105 1030 520 462 385
is_linear=0
shrinkage=0.03


Tree=51
num_leaves=15
num_cat=0
split_feature=19 28 31 30 30 11 31 31 31 31 28 15 14 34
split_gain=6.5859 5.53011 5.99112 6.21551 7.99526 8.69633 9.41308 14.4922 7.47078 7.38638 6.43342 8.63421 6.09583 6.05578
threshold=0.00035198159946370542 0.0047088189427120794 0.0072440900701905573 0.0054890868574959421 0.0051640308107926023 -0.00055067348346926604 -0.0021433736841772739 -0.00089323191426260429 0.00074465484100177959 -8.5759644330274374e-05 0.0011307415295361836 1.2049278818846216 0.90510872060663627 0.11032866704282841
decision_type=2 2 2 2 2 2 2 2 2 2 2 2 2 2
left_child=-1 2 3 4 5 -2 12 -8 9 13 11 -9 -7 -5
right_child=1 -3 -4 8 -6 6 7 10 -10 -11 -12 -13 -14 -15
leaf_value=-0.021581410554631107 0.040494915388476167 -0.0054859430919986215 0.013633288978926369 0.014049895361506614 0.031684448592850412 0.0065262283535179478 0.044439189516609919 0.0094220139879349803 -0.013088326672636354 0.028887474536457458 0.013504539483868643 -0.028661000090115785 -0.02747425713023979 -0.0040506126537587471
leaf_weight=10.556215003132818 4.4930448085069647 78.941276207566261 42.974484071135521 19.974968016147614 10.31769175827503 6.5911390930414226 7.3309262394905081 9.2926041483879107 39.715891629457474 7.4669949412345877 17.383763626217842 10.328190147876738 12.629175558686255 79.287044197320938
leaf_count=65 19 374 185 84 45 30 33 45 179 32 81 50 60 351
internal_value=0.000685615 0.00143228 0.00349571 0.00149275 0.0082643 0.0042624 0.00106689 0.00868599 -0.00214201 0.00198716 0.000541095 -0.0108968 -0.0159201 -0.000274437
internal_weight=357.283 346.727 267.786 224.811 78.3665 68.0488 63.5558 44.3355 146.445 106.729 37.0046 19.6208 19.2203 99.262
internal_count=1633 1568 1194 1009 363 318 299 209 646 467 176 95 90 435
is_linear=0
shrinkage=0.03


Tree=52
num_leaves=15
num_cat=0
split_feature=29 19 11 21 27 14 30 28 28 29 30 17 24 32
split_gain=5.24122 5.93556 5.30597 4.82129 7.14458 8.26732 6.00315 5.23147 9.74757 7.28657 16.0376 6.34599 6.18994 8.41657
threshold=0.008857859088681988 0.0026851200286282686 0.0010128233042820958 -0.0037728947182408263 0.0001272924454608915 0.96750802810147751 0.011797443358750735 0.003878253987866676 0.0023185041491238794 0.0024375414122586796 0.0023419365923667964 -1.6336915254711034e-05 0.0046582094376541048 0.0046229332199848082
decision_type=2 2 2 2 2 2 2 2 2 2 2 2 2 2
left_child=3 2 -2 4 5 -1 7 8 9 10 -5 -12 -11 -14
right_child=1 -3 -4 6 -6 -7 -8 -9 -10 12 11 -13 13 -15
leaf_value=-0.0044606764672371051 0.034381427753909781 -0.011277144480520217 0.0012133056109624295 -0.022613873866359591 0.032679845568353516 0.01810655208683341 0.017795988022427166 -0.010369895366742939 0.016303567412704195 0.017017135264855557 0.0037779025815919349 0.034890873852380863 -0.016738666058879931 -0.00096320230495302748
leaf_weight=43.146581575274467 10.900891706347471 5.5986531823873511 7.2552754729986182 9.4147399067878705 7.3387410044670096 20.797294601798058 11.824930638074873 66.851775839924812 25.31484067440033 8.341034844517706 10.915974497795105 13.282000988721848 56.303235337138176 66.120842084288597
leaf_count=188 45 26 31 59 30 88 51 323 117 36 51 61 260 297
internal_value=0.000597166 0.0139275 0.0220392 -0.000364479 0.00650584 0.00299875 -0.00221784 -0.00321751 -0.000639962 -0.00335028 0.00889301 0.0216815 -0.00656375 -0.00831953
internal_weight=363.407 23.7548 18.1562 339.652 71.2826 63.9439 268.369 256.544 189.693 164.378 33.6127 24.198 130.765 122.424
internal_count=1663 102 76 1561 306 276 1255 1204 881 764 171 112 593 557
is_linear=0
shrinkage=0.03


Tree=53
num_leaves=15
num_cat=0
split_feature=35 20 25 18 23 25 24 7 19 13 24 30 14 34
split_gain=4.95152 4.41325 4.91241 5.40603 4.82084 5.72889 5.04146 4.63403 11.047 6.66042 5.23473 5.04961 4.71101 4.62463
threshold=0.16987636389675195 0.00038330234205599494 0.39070272814470769 -0.00062951012240308735 0.00038389439782896402 3.1762072337979528 0.99987086776860645 0.0003448685958699072 0.00060267989122345176 0.00024146674538624952 0.2568910743798915 0.0037304611976412163 0.68221406163317988 0.20387444227379117
decision_type=2 2 2 2 2 2 2 2 2 2 2 2 2 2
left_child=-1 -2 3 -3 5 6 7 9 -9 10 -4 -12 -10 -11
right_child=1 2 4 -5 -6 -7 -8 8 12 13 11 -13 -14 -15
leaf_value=0.026739732881684995 -0.025835660466464898 0.0068307647774578867 0.021502792608237575 -0.028477758615085651 -0.0046904218469132194 -0.024940181611716891 0.029255429053879765 -0.022678591170798918 -0.0180495424048796 0.047739650305975732 0.016114007700773331 -0.017536026313563637 0.0044096323062397759 0.013427326959094507
leaf_weight=4.883177548646926 5.3305266797542563 5.30711406469345 6.8467247188091305 10.191261425614355 115.44673372805119 5.4671068191528311 5.7623125910758963 15.603248059749601 7.9090078920125952 4.868352264165881 4.7276207655668285 12.537088498473166 142.36658984422684 13.210526213049887
leaf_count=22 36 24 31 50 541 25 26 75 35 21 24 59 620 60
internal_value=-0.000542387 -0.000999412 -0.000540397 -0.016524 0.000237706 0.00285518 0.00369259 0.00283375 0.000532435 0.0115905 0.000941192 -0.00777958 0.00309627 0.0248423
internal_weight=360.457 355.574 350.244 15.4984 334.745 219.299 213.831 208.069 165.879 42.1903 24.1114 17.2647 150.276 18.0789
internal_count=1649 1627 1591 74 1517 976 951 925 730 195 114 83 655 81
is_linear=0
shrinkage=0.03


Tree=54
num_leaves=15
num_cat=0
split_feature=2 21 27 29 34 10 21 29 25 13 27 27 33 6
split_gain=5.37996 7.00506 5.5715 7.49466 5.90778 5.3974 10.7444 10.0458 9.03158 5.6957 4.99456 5.81535 7.228 5.4861
threshold=9.5000000000000018 -0.0012504327442274252 -0.0020439745976639219 0.0068730736519455908 0.37247569031541616 0.00051820187573194555 -0.0023950369518727084 0.0038130615829949704 1.3828015257226229 0.0004063578755505389 -0.0012411810404113763 0.00076496724752589406 0.00093178180600934966 1.0000000180025095e-35
decision_type=2 2 2 2 2 2 2 2 2 2 2 2 2 2
left_child=1 2 4 -4 5 9 7 -7 -9 -1 13 -12 -13 -3
right_child=-2 10 3 -5 -6 6 -8 8 -10 -11 11 12 -14 -15
leaf_value=0.011329417736698306 0.024229297299445372 0.031684561254539438 0.0063703391786382275 0.036673087398148597 -0.018880869329130648 0.027257127148269854 0.038194327799728922 -0.009046252104586771 0.016043086966945175 -0.018902422819534106 -0.014854310055210897 0.028288184456264357 -0.0047680538104702304 0
leaf_weight=7.1178289651870754 7.0094176530838004 4.9189072400331488 54.397753790020943 7.724273368716239 12.666270673274992 11.081417068839071 7.2822826206684104 48.410172566771507 16.456321001052856 17.585926800966263 55.161246120929718 5.3905228525400153 84.330854415893555 28.872649639844894
leaf_count=31 30 22 236 32 57 48 31 210 69 79 281 26 399 136
internal_value=-8.1546e-05 -0.0006269 0.00348453 0.010707 -0.000268606 0.00204132 0.00571906 0.00211027 -0.00248873 -0.0099732 -0.00484417 -0.00726833 -0.00245902 0.00537344
internal_weight=368.406 361.396 182.722 62.122 120.6 107.934 83.2302 75.9479 64.8665 24.7038 178.674 144.883 89.7214 33.7916
internal_count=1687 1657 793 268 525 468 358 327 279 110 864 706 425 158
is_linear=0
shrinkage=0.03


Tree=55
num_leaves=15
num_cat=0
split_feature=35 36 9 7 30 17 7 24 14 34 14 7 21 24
split_gain=4.98273 5.43381 6.81728 5.61275 6.79544 5.9886 8.14779 6.27614 7.38616 5.85854 4.92467 5.02905 4.64533 4.61209
threshold=1.8259407965130048 1.2322886479217312 0.0011581126662802772 0.0010813273306601314 0.011797443358750735 -0.0007431441665246562 0.0012000362220748186 0.52542659948347437 0.93148445686348491 0.37437788368664476 0.18200603318262334 -0.00030551532176842361 -0.0078758594744919846 0.79072007769098251
decision_type=2 2 2 2 2 2 2 2 2 2 2 2 2 2
left_child=1 2 3 4 10 -5 -7 -8 -9 -6 -1 -12 -2 -3
right_child=12 13 -4 5 9 6 7 8 -10 -11 11 -13 -14 -15
leaf_value=-0.012413674071792002 0.009973307186044859 0.0045976201016490062 0.022611671978557117 -0.028191119124949045 0.03391549809244223 -0.029418331390277132 0.028114987467037143 -0.031963868458340809 0.011465954117431032 -0.00087756958236455851 0.023492554715230055 -0.00036050234693261064 -0.018133061917739359 0.028243312323354648
leaf_weight=29.033839508891106 5.972088277339938 26.820668175816536 10.048663720488547 12.456430166959761 8.6786341369152087 6.7685362547636059 6.7282480597496059 4.777444675564765 8.0291771888732892 7.5327123254537574 7.2806778550148001 197.70863300561905 22.568022236227989 9.7974944859743101
leaf_count=141 26 119 43 55 36 30 28 22 35 32 34 912 115 44
internal_value=-0.000191799 0.000836985 -0.000503546 -0.00139283 0.000258072 -0.011865 -0.00327428 0.00662961 -0.0056597 0.0184627 -0.00106343 0.000582066 -0.0120117 0.0115866
internal_weight=364.201 335.661 299.043 288.994 250.234 38.7598 26.3034 19.5349 12.8066 16.2113 234.023 204.989 28.5401 36.6182
internal_count=1672 1531 1368 1325 1155 170 115 85 57 68 1087 946 141 163
is_linear=0
shrinkage=0.03


Tree=56
num_leaves=15
num_cat=0
split_feature=18 30 24 17 35 12 11 11 7 33 33 14 18 14
split_gain=4.43907 6.14221 5.66501 7.39573 5.80093 4.59586 6.2471 5.14367 3.98779 3.80689 6.65312 6.01002 5.49105 7.19461
threshold=0.0052988153708343208 0.011188394689580387 0.12722888395399665 -0.0001730658167240495 0.5216520002208086 0.0025704904616928813 0.0012103765549981162 0.0010634173435288277 -0.00072811260913452347 0.0017850477304851913 0.0026153962249707563 0.66325718241604947 -0.00026766474827966119 0.67194312471627504
decision_type=2 2 2 2 2 2 2 2 2 2 2 2 2 2
left_child=1 5 -3 -4 -5 6 7 9 -8 11 -11 -1 -12 -14
right_child=-2 2 3 4 -6 -7 8 -9 -10 10 12 -13 13 -15
leaf_value=-0.01528552734992553 -0.023724162649871854 -0.01021325419113513 0.032424251432022072 0.01929767334436094 -0.012334211081150449 0.019637651282756158 0.012138573575236792 0.020188489476548496 -0.014259954969434486 0.025594957125747393 0.019830354027348975 -0.0003152801118892608 0.012000238815871769 -0.031296767425750334
leaf_weight=26.66582727432251 6.1106876432895652 8.1468571871519071 13.852399349212645 9.5281263291835803 9.3112274110317212 8.231197461485861 4.9079834520816794 9.9455604404211027 45.115837633609772 11.813711896538736 5.6206426918506667 193.19527181982994 5.111690685153004 7.2161253243684769
leaf_count=129 31 35 57 40 41 37 23 46 220 51 24 886 22 34
internal_value=-0.000248361 0.000208116 0.011022 0.016549 0.00367892 -0.00120222 -0.00182739 4.72863e-05 -0.011424 -0.000820566 0.00905202 -0.00220552 -0.00245438 -0.0135653
internal_weight=364.773 358.662 40.8386 32.6918 18.8394 317.824 309.593 259.569 50.0238 249.623 29.7622 219.861 17.9485 12.3278
internal_count=1676 1645 173 138 81 1472 1435 1192 243 1146 131 1015 80 56
is_linear=0
shrinkage=0.03


Tree=57
num_leaves=15
num_cat=0
split_feature=30 34 34 27 20 34 28 7 20 20 30 17 12 21
split_gain=4.97963 5.01316 5.8311 5.13823 6.84356 5.10138 5.30365 5.72174 5.78515 6.09051 5.05342 6.09262 4.88227 5.75251
threshold=0.0018771631879842851 0.74342010358980515 0.80305299116454421 0.0017764625823580296 0.001493970252672652 0.43063986377239133 0.010529127417217623 0.001418492382202541 0.0010645020358258303 0.00097944181614210697 0.0087922803895891261 -0.00055275000140653219 0.00077445290169722428 -0.00058830992687197703
decision_type=2 2 2 2 2 2 2 2 2 2 2 2 2 2
left_child=-1 5 -3 -4 -5 6 7 8 9 -2 11 -9 -10 -14
right_child=1 2 3 4 -6 -7 -8 10 12 -11 -12 -13 13 -15
leaf_value=-0.025799119565634649 0.0017888312465510591 0.024876776362944716 -0.0078956696742187409 0.028987326779864316 -0.00067563904682792567 -0.0066875083097543099 -0.017197963541747123 -0.015510313129665264 0.016574380500040696 -0.024896534564966689 -0.018955366880686192 0.028164028772603704 0.0076542938924864783 -0.013123802746315789
leaf_weight=5.3525313884019843 33.207750290632248 14.254757046699522 19.99329249560833 10.911057993769647 16.408863186836243 87.277308538556099 11.232133612036703 4.6036482602357864 43.057376816868782 8.9150031656026822 17.018209725618362 4.9204367101192492 67.012986823916435 13.531607195734976
leaf_count=37 159 66 99 47 78 410 55 21 186 41 74 21 287 62
internal_value=0.000511192 0.00099125 0.00869839 0.00334798 0.0116705 -0.000654569 0.00193823 0.00315488 0.00524486 -0.00423575 -0.00950221 0.0073003 0.00850793 0.00400862
internal_weight=357.697 352.344 61.568 47.3132 27.3199 290.776 203.499 192.267 165.725 42.1228 26.5423 9.52408 123.602 80.5446
internal_count=1643 1606 290 224 125 1316 906 851 735 200 116 42 535 349
is_linear=0
shrinkage=0.03


Tree=58
num_leaves=15
num_cat=0
split_feature=2 7 14 8 19 26 30 27 30 15 14 32 31 32
split_gain=3.64102 3.27626 5.49202 6.04908 7.65505 5.88942 6.29331 5.55862 5.09292 5.7268 6.33966 5.95725 5.19442 4.38246
threshold=9.5000000000000018 -0.00068739295580111371 0.65790494040799896 0.00042294578902096763 0.00073573000141157125 1.8770469603738171 0.0069989993436189142 0.0017764625823580296 0.011990553876196531 3.0195438802668737 0.75955364945628012 0.0056100541186032355 -0.0034436489899171137 0.0078777195881642881
decision_type=2 2 2 2 2 2 2 2 2 2 2 2 2 2
left_child=1 -1 5 8 -5 6 7 -3 9 10 11 -4 -11 -12
right_child=-2 2 3 4 -6 -7 -8 -9 -10 12 13 -13 -14 -15
leaf_value=0.015130125913669672 0.019953693421573854 -0.012954074597397856 0.0011296297315526089 -0.022168057421242168 -0.00075356515597824799 0.003908520276113818 -0.02760548677621881 0.020413972175824815 0.023507398835883202 0.0077019311199444098 0.0056322353283923985 0.039255097603598847 -0.030716936327377986 -0.0076124376210766186
leaf_weight=11.437938883900641 7.4300311505794516 14.440879732370378 6.7025852650403959 16.81689615547657 98.537879332900047 20.675062865018845 18.750711679458618 5.3212144374847403 11.253531485795973 4.4981368035078049 103.17730607092381 7.8729364424943924 7.063077583909033 27.589609161019325
leaf_count=54 32 71 31 83 444 99 89 24 47 20 476 34 35 123
internal_value=0.000468263 0 -0.000542976 0.00119106 -0.00406493 -0.0087807 -0.0155952 -0.00327429 0.00481709 0.00331719 0.00498231 0.0231138 -0.0161073 0.0027785
internal_weight=361.568 354.138 342.7 283.512 115.355 59.1879 38.5128 19.7621 168.157 156.904 145.342 14.5755 11.5612 130.767
internal_count=1662 1630 1576 1293 527 283 184 95 766 719 664 65 55 599
is_linear=0
shrinkage=0.03


Tree=59
num_leaves=15
num_cat=0
split_feature=30 30 28 7 30 20 19 30 36 36 14 33 21 28
split_gain=5.10517 7.74941 6.41965 6.38052 5.09945 4.83988 4.71319 4.55922 3.79146 3.70724 6.50749 5.15703 7.16119 4.41566
threshold=0.01115108833392014 0.013021813375706412 0.0099918279112291581 0.0010277087534017462 0.0070930332248499888 0.002420122318348455 0.00035198159946370542 0.006319549244761395 0.16882841247959085 0.34307943209382197 0.99986680873735856 -0.00086928214804667776 0.00068253452261757286 -0.00064383344416762956
decision_type=2 2 2 2 2 2 2 2 2 2 2 2 2 2
left_child=2 -2 6 5 7 -3 -1 -4 -8 10 11 -10 -13 -11
right_child=1 3 4 -5 -6 -7 8 -9 9 13 -12 12 -14 -15
leaf_value=-0.019060628550969357 0.023018637845991778 -0.0071526978095505138 -0.017321785706484256 -0.016118314256486858 -0.027453241048359597 0.028911654344681448 0.027302022850035402 0.021163474736803647 -0.029771068494173332 -0.002589073792057917 0.010939337114933684 0.016520326086990514 -0.020505379011175478 0.0055317589147596382
leaf_weight=10.80988849699497 18.97180649638176 5.2643491029739398 4.8549863547086733 12.824144050478933 13.903813526034353 6.5189158320426941 3.5973460823297492 4.2489007562398911 12.277621343731882 126.03628586232662 10.416620105504988 7.3841435909271267 9.6748092919588071 113.31722408533096
leaf_count=69 81 22 27 56 75 28 16 21 57 565 47 33 46 516
internal_value=-0.000379151 0.00911813 -0.0017208 -0.00196211 -0.0166402 0.0132656 -0.000488598 0.000659762 0.000275657 -0.000158197 -0.00853383 -0.0156798 -0.00428498 0.00125011
internal_weight=360.101 43.5792 316.522 24.6074 23.0077 11.7833 293.514 9.10389 282.704 279.107 39.7532 29.3366 17.059 239.354
internal_count=1659 187 1472 106 123 50 1349 48 1280 1264 183 136 79 1081
is_linear=0
shrinkage=0.03


Tree=60
num_leaves=15
num_cat=0
split_feature=20 27 28 28 27 19 35 29 27 28 25 22 25 11
split_gain=4.17472 5.26232 5.05764 4.97222 6.84665 4.80705 4.66167 4.37409 6.48797 7.00282 6.81465 7.81453 5.52074 5.27133
threshold=0.0034819879652811924 -0.0056727649425786222 0.0063390408696888398 0.00057563653583780916 -0.0062650604427317838 0.0013685594088355027 1.2611807837500406 0.0050030953402040628 0.00072333036885119395 -0.00162519827398766 1.0217281910514922 0.00089597651741603985 1.686940941695086 0.0018569763915975981
decision_type=2 2 2 2 2 2 2 2 2 2 2 2 2 2
left_child=1 2 3 4 5 -1 -7 8 9 -3 -10 -12 -11 -9
right_child=-2 7 -4 -5 -6 6 -8 13 10 12 11 -13 -14 -15
leaf_value=-0.021438792708593099 -0.010935728959031329 0.0005071298139014311 -0.011355308588083406 0.03822225447965915 0.037066554085155516 0.023104742360376424 -0.009657549540799764 0.0023326568825947484 -0.0081778403776558775 -0.008618952631957567 0.03919305947294812 0.0055439005181417257 -0.029554156162406753 0.024842014142882941
leaf_weight=5.3087697476148668 27.592859461903572 61.51558817923069 6.3436600714921942 6.467391997575759 5.093166887760165 8.34966032207012 5.8088747709989539 91.740075066685677 23.509881794452667 54.873588614165783 6.6652373671531668 37.219297781586647 14.144185811281202 9.536699026823042
leaf_count=23 129 281 29 27 21 35 26 400 112 271 31 176 71 42
internal_value=6.22284e-05 0.00100246 0.0114641 0.0164321 0.00930596 0.000440314 0.00971495 -0.00032807 -0.00292856 -0.00682292 0.00455988 0.0114807 -0.013313 0.00470374
internal_weight=364.169 336.576 37.3715 31.0279 24.5605 19.4673 14.1585 299.205 197.928 130.533 67.3944 43.8845 69.0178 101.277
internal_count=1674 1545 161 132 105 84 61 1384 942 623 319 207 342 442
is_linear=0
shrinkage=0.03


Tree=61
num_leaves=15
num_cat=0
split_feature=33 35 31 35 9 29 31 30 14 29 34 14 11 29
split_gain=4.36339 4.13262 4.36486 8.23238 5.58704 7.07658 10.1845 9.15928 6.29903 6.29741 5.82411 6.66784 5.59847 5.21793
threshold=-0.013376672846680109 1.7696951180395348 0.00047342838655223268 0.21630049064814533 0.0007291508357912534 0.003112825121855946 -0.0021433736841772739 0.0022245868966205141 0.99637681159425551 0.0072973355748341077 0.11032866704282841 0.99703261482090411 -0.00063089609153432747 0.0094416999363291457
decision_type=2 2 2 2 2 2 2 2 2 2 2 2 2 2
left_child=-1 2 4 -4 5 6 8 -8 -2 10 11 -7 -6 -5
right_child=1 -3 3 13 12 9 7 -9 -10 -11 -12 -13 -14 -15
leaf_value=0.024740582542038023 0.0109296960170325 -0.011704200092950931 0.034084864046715443 -0.0051634901249392844 -0.0028231263532349812 -0.0039851486572003133 -0.010722248273542932 0.037672383710799159 -0.025214931575544199 0.019401436661878619 -0.0094113726425428118 0.036567484521956767 0.027053944087742268 0.019401781708786252
leaf_weight=5.1512849479913703 9.0344512462615949 27.464026913046837 4.2440873533487311 167.52178505063057 8.0288054347038287 9.1317349821329099 3.9377097412943867 14.675544351339338 6.6315937638282767 9.0456551015377027 67.373126849532127 4.7856379002332678 15.598914116621016 7.1444275528192511
leaf_count=22 41 137 19 779 34 39 27 65 33 38 306 20 66 31
internal_value=-0.000297547 -0.000738243 0.000206052 -0.00293146 0.004007 0.00138868 0.0128074 0.0272567 -0.00478558 -0.00300423 -0.00573937 0.0112748 0.0170774 -0.00403688
internal_weight=359.769 354.618 327.153 178.91 148.243 124.615 34.2793 18.6133 15.666 90.3362 81.2905 13.9174 23.6277 174.666
internal_count=1657 1635 1498 829 669 569 166 92 74 403 365 59 100 810
is_linear=0
shrinkage=0.03


Tree=62
num_leaves=15
num_cat=0
split_feature=30 17 34 17 14 33 24 11 29 24 2 25 17 9
split_gain=5.01549 3.83007 4.84491 4.91025 4.47833 4.10047 3.41871 3.82911 3.567 3.71342 3.20221 4.19693 5.54865 3.33256
threshold=0.0017498278296206482 -0.0022159046166880798 0.073112130446734661 0.00057454451570715392 0.85497267256203946 -0.013376672846680109 0.66616644121677038 0.00040511564564854613 0.0033092088750014525 0.2568910743798915 9.5000000000000018 3.06093655279737 0.00053445186825595858 0.0003034300233735076
decision_type=2 2 2 2 2 2 2 2 2 2 2 2 2 2
left_child=-1 4 3 6 -2 -4 7 8 -3 -10 11 13 -13 -7
right_child=1 2 5 -5 -6 10 -8 -9 9 -11 -12 12 -14 -15
leaf_value=-0.029050691477600202 -0.036400078951599676 -0.0033658602832983362 0.032796780758712583 -0.014738839742263768 0 -0.0064482531242742629 0.03614399731653424 -0.010886070049554247 0.037321135323221392 0.0059564360713616638 0.018556675963705714 -0.036937721124018767 0 0.0015071468830160583
leaf_weight=4.2272547855973235 4.3811447620391828 5.5481334924697974 2.3820832520723334 4.5932309776544562 7.358752503991127 58.51677879691124 5.3775451332330695 5.1508164405822745 7.3848553597927076 6.9098964333534241 6.7953833043575278 5.6100420802831641 8.0421935319900495 231.36356972157955
leaf_count=30 20 25 10 20 32 291 23 23 31 30 29 27 38 1046
internal_value=0.000114402 0.000545403 0.00114227 0.0115703 -0.0155974 -4.73088e-05 0.0159878 0.0103121 0.0162169 0.0237367 -0.000413592 -0.000907683 -0.016574 -0.000105106
internal_weight=363.642 359.414 347.675 34.9645 11.7399 312.71 30.3712 24.9937 19.8429 14.2948 310.328 303.533 13.6522 289.88
internal_count=1675 1645 1593 152 52 1441 132 109 86 61 1431 1402 65 1337
is_linear=0
shrinkage=0.03


Tree=63
num_leaves=15
num_cat=0
split_feature=33 24 33 7 30 27 24 27 6 25 25 18 31 16
split_gain=3.86646 11.1505 7.01601 5.08518 4.59292 5.83535 5.12725 4.30459 4.28684 4.20357 8.21038 8.00419 5.98831 5.54223
threshold=0.0017850477304851913 0.59235398134282058 0.0014769141136974338 -0.00068739295580111371 0.0070793374378094022 0.0026319515142123611 0.87170485539317544 0.0035022150327470585 1.0000000180025095e-35 0.74299645555022542 0.52236263389405047 -0.00071510551604503359 -0.0013626443032487277 2.9774554329827239
decision_type=2 2 2 2 2 2 2 2 2 2 2 2 2 2
left_child=2 7 3 -1 5 -3 -6 -2 -8 10 11 12 -5 -11
right_child=1 4 -4 9 6 -7 8 -9 -10 13 -12 -13 -14 -15
leaf_value=0.028525631984255992 0.031234316358902017 0.029784232294196324 -0.02327602644619715 -0.011040853392379448 -0.023775812443846529 -0.0039490513039092592 0.024363336304570611 0.0049789647107940068 -0.0092244112918706666 -0.0016560941202581852 0.015272537311548963 -0.015667695807969506 0.030311933045679165 -0.020759431507514178
leaf_weight=4.3943989425897589 15.745776385068895 6.2786017507314709 11.524907901883124 4.4208764284849167 12.415475621819498 11.74933338165283 4.194461300969123 9.5696035772562009 8.9469003081321699 188.02298091351986 35.669910304248333 21.736650742590427 6.9066819548606855 13.821788832545279
leaf_count=21 66 29 56 20 60 56 19 43 42 859 163 106 31 68
internal_value=0.00021658 0.00655141 -0.00131394 -0.000301572 -0.00264045 0.00858947 -0.0107002 0.0219897 0.00224873 -0.000884106 0.00545827 -0.0051789 0.0143431 -0.00307492
internal_weight=355.398 68.9002 286.498 274.973 43.5848 18.0279 25.5568 25.3154 13.1414 270.579 68.7341 33.0642 11.3276 201.845
internal_count=1639 315 1324 1268 206 85 121 109 61 1247 320 157 51 927
is_linear=0
shrinkage=0.03


Tree=64
num_leaves=15
num_cat=0
split_feature=10 10 9 16 27 9 29 25 28 28 17 12 9 8
split_gain=5.28745 6.29943 6.94289 5.81459 5.16417 6.09798 5.12727 5.23995 4.99188 5.44697 5.47659 9.35115 7.23676 8.63516
threshold=0.00052591875619592391 0.00064933571862282001 0.00039013815410536979 0.82000303582148903 0.0011183341733976839 0.00050831490378931579 0.0032608717350768976 1.6583264505774953 0.018727464153392496 -0.014479197725260849 -0.00087611402064546862 0.0015580748255359885 0.00066419265158639636 -5.0302535871682423e-05
decision_type=2 2 2 2 2 2 2 2 2 2 2 2 2 2
left_child=-1 2 -2 -4 5 -5 7 -3 9 -8 11 -11 13 -12
right_child=1 6 3 4 -6 -7 8 -9 -10 10 12 -13 -14 -15
leaf_value=-0.0036534424345712867 -0.0144299190974737 -0.030574243748109037 0.038218631525830549 0.024665295606913027 -0.011042467986228955 -0.0099802560360428543 -0.0093522405527919107 0.0041365834766956622 -0.0208194745430141 0.0083913091235034588 0.022325129318368869 -0.02099580758884061 0.018238985923214521 -0.0077840530882932269
leaf_weight=140.62624598294497 6.0773516595363608 7.8380442857742292 9.0345237702131254 19.628916248679168 6.6027732938528052 5.1335265785455695 22.537220194935799 6.4039200991392136 6.7129069417715064 24.397229313850403 11.054827913641928 14.785499751567839 47.729744657874107 28.616655513644218
leaf_count=673 28 39 39 86 31 23 100 30 35 104 48 67 212 134
internal_value=0.000849768 0.00379122 0.0134598 0.0179749 0.0110505 0.0172578 0.00106831 -0.0155223 0.00269298 0.00390305 0.00634136 -0.00286972 0.0104905 0.00087501
internal_weight=357.179 216.553 46.4771 40.3997 31.3652 24.7624 170.076 14.242 155.834 149.121 126.584 39.1827 87.4012 39.6715
internal_count=1649 976 207 179 140 109 769 69 700 665 565 171 394 182
is_linear=0
shrinkage=0.03


end of trees

feature_importances:
tf_1h_side_return_5=83
tf_1h_atr_pct_14=65
tf_1h_realized_vol_20=56
tf_5m_side_sma_gap_20=44
tf_1h_side_close_location=40
tf_1m_realized_vol_20=39
tf_1h_side_return_1=35
tf_1h_side_sma_gap_20=35
tf_5m_side_return_1=34
tf_1h_volume_ratio_20=34
tf_1m_side_sma_gap_20=33
tf_1h_quote_volume_ratio_20=33
tf_5m_side_close_location=32
tf_1m_side_close_location=30
tf_5m_atr_pct_14=30
tf_1m_side_return_1=29
tf_5m_side_return_5=29
tf_5m_realized_vol_20=26
tf_1h_range_pct=25
tf_1m_volume_ratio_20=22
tf_5m_range_pct=21
tf_5m_volume_ratio_20=20
tf_1h_side_body_pct=20
tf_1m_atr_pct_14=17
tf_1m_side_return_5=16
tf_1m_range_pct=16
signal_reason_count=9
signal_reason_bucket_3=9
tf_5m_quote_volume_ratio_20=7
tf_5m_side_body_pct=6
tf_1m_quote_volume_ratio_20=5
tf_1m_side_body_pct=4
signal_reason_bucket_2=3
signal_side=1
signal_reason_bucket_0=1
signal_reason_bucket_1=1

parameters:
[boosting: gbdt]
[objective: binary]
[metric: binary_logloss]
[tree_learner: serial]
[device_type: cpu]
[data_sample_strategy: bagging]
[data: ]
[valid: ]
[num_iterations: 500]
[learning_rate: 0.03]
[num_leaves: 15]
[num_threads: 1]
[seed: 17]
[deterministic: 1]
[force_col_wise: 1]
[force_row_wise: 0]
[histogram_pool_size: -1]
[max_depth: -1]
[min_data_in_leaf: 20]
[min_sum_hessian_in_leaf: 0.001]
[bagging_fraction: 0.85]
[pos_bagging_fraction: 1]
[neg_bagging_fraction: 1]
[bagging_freq: 1]
[bagging_seed: 17]
[bagging_by_query: 0]
[feature_fraction: 0.85]
[feature_fraction_bynode: 1]
[feature_fraction_seed: 17]
[extra_trees: 0]
[extra_seed: 13015]
[early_stopping_round: 0]
[early_stopping_min_delta: 0]
[first_metric_only: 0]
[max_delta_step: 0]
[lambda_l1: 0.1]
[lambda_l2: 1]
[linear_lambda: 0]
[min_gain_to_split: 0]
[drop_rate: 0.1]
[max_drop: 50]
[skip_drop: 0.5]
[xgboost_dart_mode: 0]
[uniform_drop: 0]
[drop_seed: 30017]
[top_rate: 0.2]
[other_rate: 0.1]
[min_data_per_group: 100]
[max_cat_threshold: 32]
[cat_l2: 10]
[cat_smooth: 10]
[max_cat_to_onehot: 4]
[top_k: 20]
[monotone_constraints: ]
[monotone_constraints_method: basic]
[monotone_penalty: 0]
[feature_contri: ]
[forcedsplits_filename: ]
[refit_decay_rate: 0.9]
[cegb_tradeoff: 1]
[cegb_penalty_split: 0]
[cegb_penalty_feature_lazy: ]
[cegb_penalty_feature_coupled: ]
[path_smooth: 0]
[interaction_constraints: ]
[verbosity: -1]
[saved_feature_importance_type: 0]
[use_quantized_grad: 0]
[num_grad_quant_bins: 4]
[quant_train_renew_leaf: 0]
[stochastic_rounding: 1]
[linear_tree: 0]
[max_bin: 255]
[max_bin_by_feature: ]
[min_data_in_bin: 3]
[bin_construct_sample_cnt: 200000]
[data_random_seed: 17]
[is_enable_sparse: 1]
[enable_bundle: 1]
[use_missing: 1]
[zero_as_missing: 0]
[feature_pre_filter: 1]
[pre_partition: 0]
[two_round: 0]
[header: 0]
[label_column: ]
[weight_column: ]
[group_column: ]
[ignore_column: ]
[categorical_feature: ]
[forcedbins_filename: ]
[precise_float_parser: 0]
[parser_config_file: ]
[objective_seed: 20363]
[num_class: 1]
[is_unbalance: 0]
[scale_pos_weight: 1]
[sigmoid: 1]
[boost_from_average: 1]
[reg_sqrt: 0]
[alpha: 0.9]
[fair_c: 1]
[poisson_max_delta_step: 0.7]
[tweedie_variance_power: 1.5]
[lambdarank_truncation_level: 30]
[lambdarank_norm: 1]
[label_gain: ]
[lambdarank_position_bias_regularization: 0]
[eval_at: ]
[multi_error_top_k: 1]
[auc_mu_weights: ]
[num_machines: 1]
[local_listen_port: 12400]
[time_out: 120]
[machine_list_filename: ]
[machines: ]
[gpu_platform_id: -1]
[gpu_device_id: -1]
[gpu_device_id_list: ]
[gpu_use_dp: 0]
[num_gpu: 1]

end of parameters

pandas_categorical:null
