tree
version=v4
num_class=1
num_tree_per_iteration=1
label_index=0
max_feature_idx=36
objective=binary sigmoid:1
feature_names=signal_side signal_score signal_reason_count signal_reason_bucket_0 signal_reason_bucket_1 signal_reason_bucket_2 signal_reason_bucket_3 tf_1m_side_return_1 tf_1m_side_return_5 tf_1m_realized_vol_20 tf_1m_atr_pct_14 tf_1m_side_sma_gap_20 tf_1m_range_pct tf_1m_side_body_pct tf_1m_side_close_location tf_1m_volume_ratio_20 tf_1m_quote_volume_ratio_20 tf_5m_side_return_1 tf_5m_side_return_5 tf_5m_realized_vol_20 tf_5m_atr_pct_14 tf_5m_side_sma_gap_20 tf_5m_range_pct tf_5m_side_body_pct tf_5m_side_close_location tf_5m_volume_ratio_20 tf_5m_quote_volume_ratio_20 tf_1h_side_return_1 tf_1h_side_return_5 tf_1h_realized_vol_20 tf_1h_atr_pct_14 tf_1h_side_sma_gap_20 tf_1h_range_pct tf_1h_side_body_pct tf_1h_side_close_location tf_1h_volume_ratio_20 tf_1h_quote_volume_ratio_20
feature_infos=[-1:1] none none [0:2] [3:4] [0:2] [0:1] [8.630555272670648e-07:0.0092130283866106444] [-0.0025604879311833528:0.020396264811211928] [3.4023761783520727e-05:0.0044825740513485691] [1.5450509669043561e-05:0.0061085191287367432] [-0.00038683972015263191:0.022937143888615563] [8.630547824525494e-07:0.012753540734610802] [8.6305552731674974e-07:0.0092130283866106149] [0.59999999999999998:1] [0.37575516504609907:33.724803440355991] [0.37601355491015709:33.646915678485669] [-0.004867231953586959:0.012913715293344064] [-0.0079671044974545246:0.030972129145307337] [0.00012298684668085344:0.022373305533386626] [0.00011070114192480583:0.015630686545383344] [-0.0024872002148637051:0.039063632106710822] [8.6348329164856892e-07:0.01874134502003294] [-0.004867231953586946:0.012914926226039338] [0:1] [0.10403791212583126:39.841967922821965] [0.10453747252431601:39.419979868469419] [-0.027587201130244932:0.037088991880036337] [-0.074329025954144701:0.074329025954144701] [0.00063314028089256358:0.017364095013455014] [0.0012983959944804393:0.032614390701405135] [-0.089228411626128601:0.089228411626128601] [0.00052375388061873674:0.11972334654262651] [-0.027585799260149875:0.037087925775433073] [0:1] [0.10517957151182518:15.02004974902515] [0.10482047111758139:14.499578821240537]
tree_sizes=1726 1769 1768 1774 1769 1765 1767 1774 1767 1783 1772 1783 1776 1770 1786 1771 1779 1781 1777 1783 1792 1781 1779 1791 1781 1780 1783 1773 1786 1777 1785 1794 1783 1778 1785 1783 1785 1783 1784 1758 1784 1785 1790 1782 1794 1771 1774 1772 1752 1788 1768 1770 1785 1784 1775 1787 1795 1775 1772 1789 1751 1776 1783 1767 1771 1777 1776 1773 1779 1776 1785 1783 1774 1779 1771 1781 1767 1766 1766 1780 1786 1747 1778 1769 1784 1774 1767 1778 1760 1773 1791 1760 1771 1776 1780 1798 1760 1754 1747 1776 1762 1769 1783 1780 1775 1731 1770 1780 1782 1793 1770 1779 1761

Tree=0
num_leaves=15
num_cat=0
split_feature=10 10 10 28 28 31 20 30 31 19 32 34 12 24
split_gain=609.749 139.447 58.5548 32.7749 23.8639 20.7931 18.5137 15.4156 15.1285 16.4616 14.2672 13.8497 15.2079 13.5239
threshold=0.00081577842632385444 0.00048142724149043804 0.0010677262282410953 0.0021604955446530853 0.0024085378914295856 -0.034748458774714712 0.0011757619023113194 0.0057715400109050021 0.012790937103140833 0.0020019353861228857 0.0038212170784080088 0.91629732736439695 0.0014710092965672993 0.82063768916829671
decision_type=2 2 2 2 2 2 2 2 2 2 2 2 2 2
left_child=1 3 -2 10 -3 -4 -5 13 9 -6 -1 12 -9 -7
right_child=2 4 5 6 8 7 -8 11 -10 -11 -12 -13 -14 -15
leaf_value=-1.5296662115844795 -1.4880657186663053 -1.507194421998812 -1.4250294190329034 -1.5182349923416329 -1.492151627595151 -1.4731852276388688 -1.5007384200307552 -1.4905664993183319 -1.5076534135079269 -1.4389975437554878 -1.5189084481821367 -1.4573440253011174 -1.4718895574382513 -1.4324852554032972
leaf_weight=322.99682760238647 239.86388027667999 312.71694701910019 9.088010370731352 158.66772204637527 182.65411007404327 16.537199199199677 81.94107711315155 50.505500257015228 60.785380840301514 4.4695132970809928 182.65411007404327 48.270743608474731 217.36733001470566 17.729069411754608
leaf_count=2168 1610 2099 61 1065 1226 111 550 339 408 30 1226 324 1459 119
internal_value=-1.50151 -1.513 -1.47648 -1.52149 -1.5017 -1.46882 -1.51228 -1.47018 -1.49475 -1.49054 -1.52583 -1.47246 -1.47535 -1.45068
internal_weight=1906.25 1306.89 599.362 746.26 560.626 359.498 240.609 350.41 247.909 187.124 505.651 316.144 267.873 34.2663
internal_count=12795 8772 4023 5009 3763 2413 1615 2352 1664 1256 3394 2122 1798 230
is_linear=0
shrinkage=1


Tree=1
num_leaves=15
num_cat=0
split_feature=10 10 10 36 20 18 18 21 9 25 29 10 7 29
split_gain=573.376 131.863 40.2638 33.3776 23.6735 15.2595 20.1675 14.8711 29.9681 20.5232 22.101 14.7855 16.2019 14.0977
threshold=0.00082146561650471301 0.00044615799898452111 0.0011001357208196962 0.7588527147719949 0.00099140220230453939 0.0052097377222759542 0.0072077121708574174 0.0036158967261430424 0.00044975490143981447 0.56361510162168671 0.00393816524115381 0.00060890931104607847 0.00052016798303006217 0.0033964286426269186
decision_type=2 2 2 2 2 2 2 2 2 2 2 2 2 2
left_child=1 4 5 -3 -1 13 -7 11 9 -9 -11 -5 -13 -2
right_child=2 3 -4 7 -6 6 -8 8 -10 10 -12 12 -14 -15
leaf_value=-0.025885920620897375 0.03655844383321448 -0.0080904840461685917 0.030590011540369593 -0.0061074127748364394 -0.014289148637681213 -0.015992328907275383 0.047797685622885319 -0.0019594805764291835 0.0056703593215910513 0.025855363724808948 0.11130476713514413 0.030292984063459646 0.0032190910048582517 0.014226493870084121
leaf_weight=391.8776271790266 29.32177509367466 358.36879286170006 336.85839226841927 104.37472236156464 276.64679390192032 25.434460863471035 4.3646603673696509 4.4642666131258038 45.816389247775078 6.2548971027135831 5.511913537979126 25.033654481172562 87.045847982168198 194.32838855683804
leaf_count=2671 195 2409 2215 702 1875 169 29 30 307 42 37 168 584 1292
internal_value=-0.000728129 -0.0118235 0.0237814 -0.00204246 -0.02112 0.0146356 -0.00530308 0.00573035 0.0185597 0.0523286 0.0717004 0.00197052 0.00950716 0.0173174
internal_weight=1895.7 1305.39 590.308 636.87 668.524 253.449 29.7991 278.502 62.0475 16.2311 11.7668 216.454 112.08 223.65
internal_count=12725 8825 3900 4279 4546 1685 198 1870 416 109 79 1454 752 1487
is_linear=0
shrinkage=0.03


Tree=2
num_leaves=15
num_cat=0
split_feature=10 10 10 28 21 28 9 34 30 19 28 25 35 9
split_gain=576.927 96.5282 67.5107 31.229 28.3237 22.9865 20.4723 15.5206 13.4456 15.1238 13.1603 18.7215 12.9355 16.3622
threshold=0.00071414862211625766 0.00045316483587576898 0.0010677262282410953 0.0033889583978453102 0.0046898663354840173 0.0024640867797892656 0.00044975490143981447 0.92565820841051172 0.004603460320478747 0.0012916395178363654 0.010754939587604874 0.37632689768561539 0.60769595628380746 0.00067834498010007997
decision_type=2 2 2 2 2 2 2 2 2 2 2 2 2 2
left_child=1 3 6 -1 5 -3 -2 10 -6 -10 11 -4 13 -8
right_child=2 4 7 -5 8 -7 12 -9 9 -11 -12 -13 -14 -15
leaf_value=-0.024619275357646523 0.053125457714625277 -0.010675913619630304 0.064325097116458202 -0.0091186880664828919 -0.015458100019319123 0.0031256403671330282 -0.0071525567642031712 0.045029416304908421 0.059421325154749391 0.0096240933480558673 0.017982976954769869 0.028495133407776031 0.013758133457020099 0.016737028304911548
leaf_weight=506.95906275510788 9.378427252173422 268.95693720877171 14.120581090450285 154.98298677802086 5.0949411988258388 180.64672911167145 70.326906234025955 51.218633428215981 10.8813354074955 11.375361949205397 109.6745385825634 192.97285512089729 265.37144277989864 39.398793071508408
leaf_count=3502 62 1819 91 1060 34 1211 470 328 72 76 710 1247 1758 261
internal_value=-0.000142501 -0.0136077 0.0202249 -0.0210138 -0.00330028 -0.00512928 0.0113759 0.0294063 0.0257795 0.0356072 0.026737 0.03125 0.0101856 0.00147198
internal_weight=1891.36 1138.9 752.462 661.942 476.955 449.604 384.476 367.987 27.3516 22.2567 316.768 207.093 375.097 109.726
internal_count=12701 7774 4927 4562 3212 3030 2551 2376 182 148 2048 1338 2489 731
is_linear=0
shrinkage=0.03


Tree=3
num_leaves=15
num_cat=0
split_feature=10 10 10 10 28 23 32 9 28 27 21 31 34 21
split_gain=540.91 94.1054 67.7311 27.5848 25.4222 18.126 16.4422 16.3629 15.4261 14.121 13.7585 13.6214 12.9606 12.0121
threshold=0.00071414862211625766 0.00045316483587576898 0.0010787410928492318 0.0002938198518787035 0.0024085378914295856 0.00071381551661114278 0.0065386645425928322 0.00044975490143981447 0.0061223706142054532 0.0052544530094823525 0.0043268246736439817 -0.026296380117795667 0.086030186030194036 0.0030281837563340135
decision_type=2 2 2 2 2 2 2 2 2 2 2 2 2 2
left_child=1 3 7 -1 6 8 12 13 9 -6 -8 -4 -3 -2
right_child=2 4 11 -5 5 -7 10 -9 -10 -11 -12 -13 -14 -15
leaf_value=-0.027408803168457761 0.0089947560930144187 0.025434264926023856 0.0510050915339492 -0.014949243379848369 0.0035459958750999328 0.014494682924418139 -0.0027377442204938015 0.0094742284875121256 -0.013658362908758558 0.058007459107347996 0.032869709799219084 0.026786755304415197 -0.015461785525518121 0.074562359744089438
leaf_weight=302.70517867803574 4.9473907947540265 6.3181478828191748 23.125558093190193 353.10794635117054 44.541371062397957 93.335797399282455 73.781878739595413 385.39866524934769 59.239569932222366 3.783753275871276 10.225294366478918 348.20318779349327 184.596554890275 5.2049233466386795
leaf_count=2126 32 43 145 2456 298 623 501 2539 396 25 67 2210 1258 33
internal_value=-0.000196905 -0.0133764 0.0192394 -0.0207378 -0.00320184 0.00488645 -0.00911955 0.0105484 -0.00347987 0.0089606 0.00189676 0.028436 -0.0139673 0.0465508
internal_weight=1898.52 1131.64 766.88 655.813 475.822 200.9 274.922 395.551 107.565 48.3251 84.0072 371.329 190.915 10.1523
internal_count=12752 7793 4959 4582 3211 1342 1869 2604 719 323 568 2355 1301 65
is_linear=0
shrinkage=0.03


Tree=4
num_leaves=15
num_cat=0
split_feature=10 10 10 19 17 27 16 19 15 27 36 21 21 3
split_gain=457.472 100.936 54.0048 19.2584 18.7276 13.5709 17.5897 14.2849 12.1272 11.3671 18.6062 14.9372 15.1671 13.1813
threshold=0.00058821760760542228 0.0010787410928492318 0.0002938198518787035 0.0017350403490587081 0.00087483341726540831 0.0014079670607111685 2.1841771236747225 0.00080788771579466928 2.1841594654734355 -0.002200452367864036 3.1324341181199844 0.0030281837563340135 0.0032010724933793093 1.0000000180025095e-35
decision_type=2 2 2 2 2 2 2 2 2 2 2 2 2 2
left_child=2 3 -1 5 -4 8 -7 -8 -2 10 -3 13 -13 -11
right_child=1 9 4 -5 -6 6 7 -9 -10 11 -12 12 -14 -15
leaf_value=-0.025872603313964529 0.0047627288722710288 0.0076388788262039256 -0.013259544484762431 0.017786485626163143 -0.0011450799721003685 0.0023037944445754043 -0.018750240124908311 0.021247283740464421 -0.0089230281015493448 0.02747072967697 0.052317063580445231 -0.028848623455857144 0.026657218497803021 0.059536169991917368
leaf_weight=294.32454979419708 135.56242321431637 55.57162481546402 452.82179729640484 114.06436814367771 154.77313601970673 154.68028213083744 7.8983004540204993 99.161603033542633 100.56054103374481 27.228890627622604 9.0558516532182676 3.6800540387630454 251.4214356392622 25.319076374173164
leaf_count=2105 902 347 3143 744 1064 1024 53 653 669 170 56 23 1567 158
internal_value=9.25053e-05 0.0142308 -0.015331 0.00671163 -0.0101855 0.00413772 0.00882991 0.0181225 -0.00106619 0.0265312 0.0146469 0.0289625 0.0257353 0.0438001
internal_weight=1886.12 984.204 901.919 611.928 607.595 497.863 261.74 107.06 236.123 372.277 64.6275 307.649 255.101 52.548
internal_count=12678 6366 6312 4045 4207 3301 1730 706 1571 2321 403 1918 1590 328
is_linear=0
shrinkage=0.03


Tree=5
num_leaves=15
num_cat=0
split_feature=10 9 10 35 31 31 35 33 19 9 36 10 30 9
split_gain=465.7 94.202 45.5692 29.276 19.731 15.5816 13.1474 15.3366 15.741 17.0598 21.4923 13.783 12.5514 12.3735
threshold=0.00058821760760542228 0.0007914056256587528 0.0002938198518787035 0.60769595628380746 -0.027784640957068781 -0.0015790955569133789 3.2566870073610263 -0.0022183825878113882 0.0015553913735907826 0.00046330324387239567 0.7490590694300584 0.00081577842632385444 0.0064791452306596107 0.00039193315827125604
decision_type=2 2 2 2 2 2 2 2 2 2 2 2 2 2
left_child=2 3 -1 4 -2 -4 7 -5 -9 -10 -11 -12 -8 -6
right_child=1 -3 5 6 13 -7 12 8 9 10 11 -13 -14 -15
leaf_value=-0.02556042811959048 0.051741174689868864 0.025720571116461911 -0.016869449416240731 -0.0030860814241974142 0.03392907677447439 -0.0070671009474776942 0.040929233391865383 0.0075728561256561792 0.065390726595958598 0.050092076880515563 -0.0072300933107855066 0.019064547033216826 -0.0079313842474780655 -0.0059486007534464841
leaf_weight=292.71950149536133 4.7863637357950202 376.32600437104702 250.08839344978333 69.236292317509651 6.2704056054353705 359.02667623758316 21.723059549927715 217.34928922355175 6.6312178969383231 15.209451973438261 23.546413436532021 67.193375170230865 5.4863683879375449 186.15766595304012
leaf_count=2130 31 2325 1752 453 42 2495 140 1424 42 98 154 427 35 1240
internal_value=-0.00020756 0.013883 -0.015832 0.0067047 -0.00283155 -0.0111177 0.0111189 0.00967936 0.0123685 0.0214524 0.0180887 0.0122041 0.031039 -0.00446496
internal_weight=1901.75 999.916 901.835 623.59 197.214 609.115 426.375 399.166 329.93 112.58 105.949 90.7398 27.2094 192.428
internal_count=12788 6411 6377 4086 1313 4247 2773 2598 2145 721 679 581 175 1282
is_linear=0
shrinkage=0.03


Tree=6
num_leaves=15
num_cat=0
split_feature=10 10 10 35 12 16 31 34 11 20 35 18 18 21
split_gain=429.479 97.983 47.0701 18.484 15.606 17.9449 14.6623 12.9915 12.0998 11.2575 10.8949 11.1895 10.8712 11.0765
threshold=0.00058821760760542228 0.0010677262282410953 0.0002938198518787035 0.89271080302554429 0.00091588343102111662 2.7492112607929564 -0.034748458774714712 0.91796256942252852 0.0054457254251583107 0.0024273830215593177 1.2005851013054309 0.0003653575318862679 0.0041401772881900509 0.0052519812909221928
decision_type=2 2 2 2 2 2 2 2 2 2 2 2 2 2
left_child=2 3 -1 9 -4 10 8 -8 -3 -2 -6 -12 13 -5
right_child=1 6 4 12 5 -7 7 -9 -10 -11 11 -13 -14 -15
leaf_value=-0.025330002246228066 -0.00086247072817937937 0.076402259365260947 -0.012804427466191735 0.011283451658448988 0.0043757210728967363 -0.014115734814077477 0.0211375467976666 0.036795009907589278 0.0079819744100080234 0.016272463427412783 -0.0065741899900438284 0.056149455301101145 -0.0039627401568128199 0.031108555706935753
leaf_weight=290.41502870619297 308.87903422117233 7.9231271594762784 490.21942880749702 202.64177951216698 49.131949812173843 45.317255571484566 327.59860555827618 58.724398791790009 3.629968672990799 37.809862092137337 3.3367222398519498 7.1358233988285065 34.618583470582962 28.889507666230202
leaf_count=2150 2051 46 3452 1316 340 315 1993 350 21 243 23 49 224 184
internal_value=-0.000185897 0.0131705 -0.015431 0.00562155 -0.0105611 -2.95223e-05 0.0247471 0.0236142 0.0574921 0.00103906 0.0106869 0.0370721 0.0115533 0.0138932
internal_weight=1896.27 1010.71 885.556 612.839 595.141 104.922 397.876 386.323 11.5531 346.689 59.6045 10.4725 266.15 231.531
internal_count=12757 6428 6329 4018 4179 727 2410 2343 67 2294 412 72 1724 1500
is_linear=0
shrinkage=0.03


Tree=7
num_leaves=15
num_cat=0
split_feature=10 10 10 20 28 28 20 14 27 31 12 18 8 21
split_gain=415.543 70.5952 45.1681 20.6873 20.1353 16.3696 20.8176 15.1061 14.8405 14.7621 14.5782 12.4271 11.8525 14.7402
threshold=0.00058821760760542228 0.0010677262282410953 0.00029648155538763597 0.0024273830215593177 0.0022925633735590982 -0.003044689372588449 0.0025010884193890979 0.63082904058219158 0.00042337713279960726 0.011968602529607965 0.0019313986000247948 0.00051363025660766681 0.002915821302181099 0.0026287180805268933
decision_type=2 2 2 2 2 2 2 2 2 2 2 2 2 2
left_child=2 3 -1 7 -4 -5 -7 8 -2 12 -8 -10 13 -3
right_child=1 9 4 5 -6 6 10 -9 11 -11 -12 -13 -14 -15
leaf_value=-0.025147918649945956 -0.0055046443372979469 0.037809050025080483 -0.015008305414972535 0.0009971733262500366 -0.0035993559502619783 0.057213990288001657 0.021528425129201955 0.0022197001872784139 -0.0060938688230222186 0.015168522943658164 -0.019371765067637155 0.057596399604800202 0.033655844560551276 0.013371711336289204
leaf_weight=286.24793177843094 7.9495251774787929 30.256688877940178 359.56184889376163 42.260686218738556 229.38748717308044 13.333716630935667 73.485361978411674 456.80891485512257 3.2097970247268668 156.30154021084309 7.9113806933164588 11.400924786925314 127.72209750115871 87.152484089136124
leaf_count=2154 53 180 2567 270 1597 85 466 3007 21 936 50 74 760 522
internal_value=-0.000223791 0.0128029 -0.0153737 0.00640255 -0.0105834 0.0166471 0.0235141 0.00344012 0.0268813 0.0225822 0.0173299 0.0439182 0.0272163 0.0199607
internal_weight=1892.99 1017.79 875.197 616.36 588.949 136.991 94.7305 479.369 22.5602 401.433 81.3967 14.6107 245.131 117.409
internal_count=12742 6424 6318 4026 4164 871 601 3155 148 2398 516 95 1462 702
is_linear=0
shrinkage=0.03


Tree=8
num_leaves=15
num_cat=0
split_feature=20 20 9 28 27 20 19 36 36 21 20 18 34 21
split_gain=344.59 62.3305 58.6875 21.0074 17.5235 18.9699 16.9175 18.0407 25.8715 18.4633 21.0416 15.6221 12.8899 12.8553
threshold=0.0016219997520680173 0.00098422267015883997 0.0007914056256587528 0.0022925633735590982 -0.0024718268665421812 0.0023807503759791771 0.001242721971282524 0.85081035661875248 0.94041103276489435 0.003175197726680679 0.001814580842682334 0.0039024973750940721 0.12510874141893766 0.0025021113725959281
decision_type=2 2 2 2 2 2 2 2 2 2 2 2 2 2
left_child=1 -1 4 12 -2 6 7 11 -9 -10 -11 -6 -3 -7
right_child=2 3 -4 -5 5 13 -8 8 9 10 -12 -13 -14 -15
leaf_value=-0.022849132827845054 -0.0060582200808494534 0.012270368070239098 0.021305557422252056 0.00010241693617276453 -0.00080781186781303765 0.03141482723524671 -0.00146928953749321 0.061085679482078194 7.127172029807832e-05 0.069856655437534151 0.0075647800934653753 0.0379789908925246 -0.013071094065503089 0.011471981708059508
leaf_weight=366.121362388134 87.621613815426826 18.253816857933998 390.68251438438892 227.14651225507259 86.164759054780006 42.570512875914574 186.89453871548176 12.502711445093153 33.289144068956375 8.2820262461900729 11.136363074183462 9.4607432186603528 320.89624586701393 96.822410702705383
leaf_count=2759 574 129 2318 1562 578 266 1226 82 222 53 71 62 2287 600
internal_value=-0.000211144 -0.0132131 0.0123438 -0.0069486 0.00622043 0.00844309 0.00465773 0.0117611 0.0238103 0.0139396 0.0363996 0.00335187 -0.0116663 0.0177643
internal_weight=1897.85 932.418 965.427 566.297 574.745 487.123 347.73 160.836 65.2102 52.7075 19.4184 95.6255 339.15 139.393
internal_count=12789 6737 6052 3978 3734 3160 2294 1068 428 346 124 640 2416 866
is_linear=0
shrinkage=0.03


Tree=9
num_leaves=15
num_cat=0
split_feature=10 10 20 28 28 35 27 36 7 12 19 20 17 22
split_gain=343.456 66.4243 40.3984 16.7604 16.1373 15.831 13.4071 12.8247 12.0661 15.5511 11.931 20.9676 11.8108 11.2765
threshold=0.00058821760760542228 0.0010677262282410953 0.0010934664630087444 0.0019191705667773176 0.0022925633735590982 0.89271080302554429 -0.0060186361281993608 0.94041103276489435 0.00049734261716383188 0.00092459328829510104 0.0012586587147838033 0.0016384151718791869 0.00077544518688699171 0.0018816952007500113
decision_type=2 2 2 2 2 2 2 2 2 2 2 2 2 2
left_child=2 5 3 -1 12 6 -2 10 13 -10 11 -7 -4 -9
right_child=1 -3 4 -5 -6 7 -8 8 9 -11 -12 -13 -14 -15
leaf_value=-0.024366957665188288 0.048296918252754957 0.020919903876995275 -0.016781861257139329 -0.011829980063157856 -5.7639218009368569e-05 -0.0035380690247138946 0.00027878445757109339 0.036844264280471488 -0.012557796295649041 0.0094438274569655142 0.007923224402154018 0.080141524201451195 -0.0026484355460548912 0.0021715061008913948
leaf_weight=304.49465630948544 4.317879229784011 408.82481962442398 163.91737236082554 146.28008177876472 166.16138665378094 3.7936050146818179 340.41715717315674 22.927860349416733 33.549350708723068 176.16936682164669 10.405680552124975 7.1977652311325073 79.997490778565407 13.541861459612845
leaf_count=2331 28 2385 1190 1090 1152 25 2244 146 216 1120 67 45 571 86
internal_value=-0.000193143 0.0115672 -0.0141441 -0.0203404 -0.0072925 0.00529395 0.00102685 0.0107559 0.00871997 0.00586703 0.032611 0.0531233 -0.0121885 0.0244513
internal_weight=1882 1021.15 860.851 450.775 410.076 612.321 344.735 267.585 246.188 209.719 21.3971 10.9914 243.915 36.4697
internal_count=12696 6362 6334 3421 2913 3977 2272 1705 1568 1336 137 70 1761 232
is_linear=0
shrinkage=0.03


Tree=10
num_leaves=15
num_cat=0
split_feature=10 9 20 35 31 9 20 22 10 22 18 22 8 22
split_gain=354.722 62.4287 49.9254 24.0055 16.1278 12.6006 11.9735 11.4602 13.1279 10.113 14.4373 11.9358 10.0867 10.761
threshold=0.00058821760760542228 0.0007914056256587528 0.00098422267015883997 0.61237683354033134 -0.027784640957068781 0.00040232868518655162 0.0026960152425276628 0.0026731299961440555 0.00081577842632385444 0.0031627562055206049 0.0047255284958837027 0.0033996849930011744 0.0026220790201572091 0.00150552546702288
decision_type=2 2 2 2 2 2 2 2 2 2 2 2 2 2
left_child=2 3 -1 4 -2 -6 -7 8 -5 -9 11 -11 13 -10
right_child=1 -3 -4 7 5 6 -8 9 12 10 -12 -13 -14 -15
leaf_value=-0.022668241023597609 0.047491366111530257 0.021284284718401957 -0.0079207626410662535 0.007728562249570573 0.031220905033257966 -0.0068287439275058022 0.032194241837061231 -0.010090458038959575 0.0069415608293545384 0.045208513647598057 -0.018378994666489307 0.006239344820437801 0.00069435190357434767 0.028288830819076759
leaf_weight=349.24190306663513 4.6876899898052207 405.27001874148846 510.40120047330856 209.91821402311325 7.868004858493804 183.7111150175333 6.3560075610876074 41.919096097350121 29.416562810540199 10.642907917499544 10.459979966282843 19.589751347899437 21.718895494937897 88.71528260409832
leaf_count=2716 29 2354 3669 1361 52 1226 39 261 183 66 65 121 133 550
internal_value=0.0003144 0.0120945 -0.013935 0.0062005 -0.00230102 -0.00372813 -0.00534641 0.0101875 0.0125551 9.72217e-05 0.0106542 0.0210621 0.0196723 0.0231011
internal_weight=1899.92 1040.27 859.643 635.004 202.623 197.935 190.067 432.381 349.769 82.6117 40.6926 30.2327 139.851 118.132
internal_count=12825 6440 6385 4086 1346 1317 1265 2740 2227 513 252 187 866 733
is_linear=0
shrinkage=0.03


Tree=11
num_leaves=15
num_cat=0
split_feature=10 10 10 28 21 35 21 19 3 36 31 17 30 28
split_gain=313.194 54.8666 48.7433 23.6948 18.4504 16.78 17.3557 21.7357 17.2204 18.2225 15.4268 14.2291 14.023 19.9135
threshold=0.00058821760760542228 0.0011001357208196962 0.0002938198518787035 0.0022925633735590982 0.0030281837563340135 2.5477228744252209 0.0032342974632312287 0.0010910264108550387 1.0000000180025095e-35 0.35416037980680654 0.0044963566789061335 0.00082298725341534162 0.011506953414240087 -0.0088338391016573575
decision_type=2 2 2 2 2 2 2 2 2 2 2 2 2 2
left_child=2 4 -1 -4 12 6 7 -6 9 -8 -5 -12 -2 -14
right_child=1 -3 3 10 5 -7 8 -9 -10 -11 11 -13 13 -15
leaf_value=-0.024094170194908029 -0.00081889137827845552 0.019847576994559982 -0.013525940909528949 0.0067426672907950676 -0.0092847377820298241 0.033100656981231165 -0.023577887052585688 0.05247932485170486 -0.00074657500268384639 0.019532193835476171 -0.015020805325604097 0.0081169384041489025 -0.024201432255663229 0.030681749348386172
leaf_weight=268.41779623925686 327.08125983178616 392.71158222854137 350.05323742330074 113.01216502487659 6.9632655978202846 27.831526815891266 8.8370367139577848 15.396945029497145 133.6783362030983 92.858549654483795 85.988224878907204 32.076170235872269 6.6979286819696418 26.878815740346909
leaf_count=2148 2129 2236 2592 800 46 170 59 97 849 587 609 221 43 172
internal_value=-2.79547e-05 0.0110135 -0.0135314 -0.00861446 0.00561798 0.0113017 0.00881733 0.0335427 0.00632379 0.0155637 -0.00113501 -0.00869408 0.00109055 0.0192635
internal_weight=1888.48 1038.94 849.548 581.13 646.224 285.566 257.734 22.3602 235.374 101.696 231.077 118.064 360.658 33.5767
internal_count=12758 6388 6370 4222 4152 1808 1638 143 1495 646 1630 830 2344 215
is_linear=0
shrinkage=0.03


Tree=12
num_leaves=15
num_cat=0
split_feature=10 10 20 10 19 7 21 22 12 28 28 31 24 28
split_gain=294.521 51.7481 35.0948 15.3766 15.2952 18.06 15.0757 15.1468 14.493 14.2285 13.0971 13.0203 11.5293 10.6938
threshold=0.00058821760760542228 0.0010677262282410953 0.00098422267015883997 0.00052144881636263622 0.0017350403490587081 0.0013763400320334631 0.0013327172969692105 0.0018938956727330249 0.00098861579942478286 0.0022925633735590982 0.0019191705667773176 0.0048570459298237787 0.41416843965127531 0.0044196201661812493
decision_type=2 2 2 2 2 2 2 2 2 2 2 2 2 2
left_child=2 4 3 10 -2 6 -6 8 -8 -4 -1 12 13 -11
right_child=1 -3 9 -5 5 -7 7 -9 -10 11 -12 -13 -14 -15
leaf_value=-0.025478704002750333 0.0027279724721803256 0.01865303513374281 -0.012425123532940603 0.037238479474773351 -0.0079974859556428898 -0.012209008235277775 0.012138688508256824 0.012824110469807692 0.052146961563853199 0.050589341994063501 -0.012102844042950197 -0.0094518281910004574 0.0008524452699168344 0.0034444290569278606
leaf_weight=231.28684616833925 501.75687937438488 423.84622499346733 298.04595054686069 3.1427892446517935 14.584359928965567 18.226076394319534 13.519278407096861 48.872271314263344 24.060362845659256 8.0139171034097689 97.555004216730595 103.59363588690758 80.720023304224014 8.9195708632469159
leaf_count=1872 3259 2393 2218 23 91 112 83 299 147 56 764 730 566 63
internal_value=-1.5925e-05 0.0105802 -0.0133349 -0.0208925 0.0050445 0.0146618 0.0196107 0.0243406 0.0385195 -0.00827204 -0.0215684 -0.0020755 0.0057356 0.0275002
internal_weight=1876.14 1044.87 831.278 331.985 621.019 119.262 101.036 86.4519 37.5796 499.293 328.842 201.247 97.6535 16.9335
internal_count=12676 6384 6292 2659 3991 732 620 529 230 3633 2636 1415 685 119
is_linear=0
shrinkage=0.03


Tree=13
num_leaves=15
num_cat=0
split_feature=10 9 20 28 28 32 30 29 19 35 28 35 31 29
split_gain=293.433 72.3622 26.581 18.4406 21.1567 17.6077 16.4305 23.4428 12.5912 14.2246 12.5007 12.8874 14.7578 13.1389
threshold=0.00049578695709497382 0.0007914056256587528 0.00098422267015883997 0.0031311457571936434 0.0082584938544466042 0.014291650329919461 0.0050148159239726802 0.0027683176865137124 0.0017350403490587081 0.61922686719542475 -0.017239748103234583 1.2336901630090791 -0.02044426789317488 0.0058268961149263417
decision_type=2 2 2 2 2 2 2 2 2 2 2 2 2 2
left_child=2 3 -1 10 5 -5 7 -3 9 -6 11 12 -2 -14
right_child=1 6 -4 4 8 -7 -8 -9 -10 -11 -12 -13 13 -15
leaf_value=-0.022225671876302706 0.048256914459161637 0.0080714235860649044 -0.01019648683473514 0.014470358474851926 -0.018832662339512342 0.074995855673354594 0.017182886950221726 0.068445055479529282 0.014681197474457036 0.0025972888590531521 -0.0024274038822017906 -0.010146309057504615 0.030004684638868982 -0.026918393205812106
leaf_weight=327.53968538343906 13.040194272994993 10.602373301982881 341.90418414771557 159.9543429762125 36.254297196865082 3.548943653702735 392.84569458663464 12.979537695646284 48.533607423305511 109.43819887936115 397.28040866553783 11.43223752081394 6.6948021501302737 5.9315986335277557
leaf_count=2667 82 60 2535 1032 241 21 2212 72 291 695 2643 72 45 39
internal_value=-0.000189983 0.00863261 -0.0161109 0.00329662 0.00833128 0.0162502 0.0187431 0.0428558 0.00160048 -0.00280694 -0.00085236 0.0155566 0.0270687 0.00303034
internal_weight=1877.98 1208.54 669.444 792.109 357.729 163.503 416.428 23.5819 194.226 145.692 434.379 37.0988 25.6666 12.6264
internal_count=12707 7505 5202 5161 2280 1053 2344 132 1227 936 2881 238 166 84
is_linear=0
shrinkage=0.03


Tree=14
num_leaves=15
num_cat=0
split_feature=10 10 20 36 31 28 26 7 10 13 35 0 28 32
split_gain=286.617 51.4837 37.6353 15.3593 12.781 12.4316 23.0392 13.8199 15.5736 13.9678 12.9353 12.5194 11.7763 14.7489
threshold=0.00058821760760542228 0.0010677262282410953 0.00098422267015883997 0.38083649408007048 -0.034748458774714712 -0.0033630451037431892 0.32440508372921872 0.0014441190464871136 0.00082146561650471301 0.00047294579017045625 0.71079279592349465 1.0000000180025095e-35 0.0077785453338429242 0.0081495467470917744
decision_type=2 2 2 2 2 2 2 2 2 2 2 2 2 2
left_child=2 5 -1 -4 -3 6 -2 8 9 10 -7 -8 -10 -14
right_child=1 4 3 -5 -6 7 11 -9 12 -11 -12 -13 13 -15
leaf_value=-0.021189097917374798 0.034011258938625527 0.047054578778854564 -0.019600973865885097 -0.0055891905825275366 0.017171950345640504 0.0017256649591439474 0.0038271028637175109 -0.0080905569816324546 0.024470903734921032 0.0012597986017073037 0.033763298853598835 -0.012598897991355263 -0.011383292286468009 0.017901433047330353
leaf_weight=326.71653658896685 13.764247342944143 12.803474768996237 84.823220066726208 409.46431363373995 426.3505195081234 20.899993941187859 76.108914971351624 45.363762110471725 82.079965963959694 205.71716399490833 24.659624055027962 90.012025058269501 23.552351668477058 40.947974592447281
leaf_count=2696 87 67 628 3004 2365 139 495 286 507 1338 152 584 148 247
internal_value=9.60856e-06 0.0102962 -0.0132924 -0.00803449 0.0181549 0.00473244 -0.00189842 0.00742861 0.00922148 0.00464001 0.0194835 -0.00507745 0.0169703 0.00715175
internal_weight=1883.26 1062.26 821.004 494.288 439.154 623.106 179.885 443.221 397.857 251.277 45.5596 166.121 146.58 64.5003
internal_count=12743 6415 6328 3632 2432 3983 1166 2817 2531 1629 291 1079 902 395
is_linear=0
shrinkage=0.03


Tree=15
num_leaves=15
num_cat=0
split_feature=20 28 9 20 7 35 34 16 30 35 18 23 34 15
split_gain=249.793 48.6784 42.3215 25.473 21.8106 17.3884 15.4707 15.3671 16.6634 12.7043 13.1417 11.7174 11.5803 10.7133
threshold=0.0016219997520680173 0.0021604955446530853 0.0007914056256587528 0.0010186865966610654 0.00031909266287277754 0.61237683354033134 0.43039311306286437 1.8780078366435726 0.0050148159239726802 0.57925590141915395 0.0067716196962466788 0.0012801679261146596 0.45236689459472096 1.9526699554057034
decision_type=2 2 2 2 2 2 2 2 2 2 2 2 2 2
left_child=1 3 5 -1 -3 -2 -7 -4 -9 10 -10 -6 -8 -11
right_child=2 4 7 -5 11 6 12 8 9 13 -12 -13 -14 -15
leaf_value=-0.024436628745130203 -0.0043132743598812452 -0.014942332211948118 0.010739768434687085 -0.011509305664211281 -0.00077291809945293085 -0.0031512694128265598 0.038390131664420062 0.056742487520867267 0.050271222677050843 0.044070185012576299 0.0070050225337890256 0.017566246348517986 0.0093246922379502835 0.014868124164070913
leaf_weight=257.27414818108082 148.49326559901237 92.997128158807755 193.18993282318115 302.99154727905989 189.81997518241405 95.165403239428997 12.025476261973379 11.467010065913199 21.86072896420956 11.645799338817595 9.4689143002033216 36.485088065266609 335.30202892422676 167.58874389529228
leaf_count=2168 984 721 1070 2243 1352 612 73 61 122 64 52 241 2098 922
internal_value=-0.000489768 -0.0121622 0.00971255 -0.0174838 -0.00278972 0.00453577 0.00751516 0.0170449 0.0224448 0.0203034 0.0379086 0.00223481 0.010447 0.0170162
internal_weight=1885.78 879.568 1006.21 560.266 319.302 590.986 442.493 415.221 222.031 210.564 31.3296 226.305 347.328 179.235
internal_count=12783 6725 6058 4411 2314 3767 2783 2291 1221 1160 174 1593 2171 986
is_linear=0
shrinkage=0.03


Tree=16
num_leaves=15
num_cat=0
split_feature=10 10 10 22 28 28 18 24 29 3 21 9 35 28
split_gain=250.63 66.4107 24.0602 17.8729 17.3233 12.3821 12.9782 12.3673 15.7269 12.0515 11.3626 22.5597 18.296 16.1316
threshold=0.00048142724149043804 0.0010677262282410953 0.0002938198518787035 0.00078455281736658229 0.0026409875361531614 0.0050591397241260281 0.0014000983820011694 0.9588801080076742 0.0036394454410450892 1.0000000180025095e-35 0.0030281837563340135 0.00042428438645435656 0.78924819964573911 -0.012635717764948316
decision_type=2 2 2 2 2 2 2 2 2 2 2 2 2 2
left_child=2 3 5 -2 10 -1 -7 -6 -9 -10 -5 12 -12 -13
right_child=1 -3 -4 4 7 6 -8 8 9 -11 11 13 -14 -15
leaf_value=-0.024933133222135969 -0.020995931696529985 0.016983492114100739 -0.010827475712430416 -0.0043383154880419173 0.0054575450021253549 -0.011077511257334935 0.049533996782137817 0.041785455735534521 0.026263621138626785 -0.0031142514760570802 0.010439662345306506 0.023950871492500463 0.074763806749628861 -0.0031955370826560084
leaf_weight=225.84119416773319 26.996187888085842 442.10189592838287 373.99472960084677 275.977529078722 299.02260215580463 15.66733216494322 2.9278883337974539 19.472432479262352 21.648736447095871 27.46635864675045 10.005062222480776 23.005249723792076 6.2360180467367163 108.57819470763206
leaf_count=1955 189 2407 2872 1876 1904 129 24 122 136 177 71 145 39 699
internal_value=-4.49434e-05 0.00762712 -0.0156743 0.00255461 0.00338722 -0.0230036 0.000353732 0.00814417 0.0195672 0.0100406 -0.000741402 0.00593764 0.0382158 0.0016728
internal_weight=1878.94 1260.51 618.431 818.408 791.412 244.436 18.5952 367.61 68.5875 49.1151 423.802 147.825 16.2411 131.583
internal_count=12745 7765 4980 5358 5169 2108 153 2339 435 313 2830 954 110 844
is_linear=0
shrinkage=0.03


Tree=17
num_leaves=15
num_cat=0
split_feature=10 10 32 34 19 19 34 15 28 31 34 29 24 28
split_gain=230.928 57.5441 26.644 13.3442 17.9565 22.7653 17.5441 13.4254 12.9747 16.793 13.49 13.3381 12.2382 12.1446
threshold=0.00049578695709497382 0.00081577842632385444 0.0039373395058722406 0.56945840815357807 0.0015553913735907826 0.0013313260925056315 0.66902186699600119 2.7697271535254009 0.0031311457571936434 -0.0020416997514217656 0.049012403752183735 0.0059635184610236447 0.98425044192280786 0.0019191705667773176
decision_type=2 2 2 2 2 2 2 2 2 2 2 2 2 2
left_child=2 8 13 7 5 -5 -6 12 10 -10 -2 -11 -3 -1
right_child=1 3 -4 4 6 -7 -8 -9 9 11 -12 -13 -14 -15
leaf_value=-0.023454841878626672 0.037406345158487168 0.0055585245546004728 -0.0071609348308837254 0.017259560471032796 0.034159286585104025 -0.0070435521744833919 0.016485130956372704 0.019305341273146471 0.025090546701801043 0.0055281597872701748 -0.0048539945153050421 -0.016063668017452203 -0.023288330217358176 -0.011835657304740795
leaf_weight=251.05687676370144 5.9515879452228537 170.45657780766487 266.10901148617268 82.27224089205265 64.309121623635292 58.498194575309753 259.57971508800983 63.42643016576767 32.832439169287682 162.73455634713173 297.76597835123539 29.528792202472687 13.331004768609999 126.50126095116138
leaf_count=2162 41 975 2046 490 355 344 1429 362 213 1050 2047 193 77 1013
internal_value=7.82465e-05 0.00764306 -0.0144877 0.0132055 0.0162088 0.00716062 0.020098 0.00750592 0.000138626 0.00558887 -0.00389598 0.00213049 0.00333518 -0.0196113
internal_weight=1884.35 1240.69 643.667 711.873 464.659 140.77 323.889 247.214 528.813 225.096 303.718 192.263 183.788 377.558
internal_count=12797 7576 5221 4032 2618 834 1784 1414 3544 1456 2088 1243 1052 3175
is_linear=0
shrinkage=0.03


Tree=18
num_leaves=15
num_cat=0
split_feature=10 10 20 10 20 33 31 12 30 17 17 7 17 14
split_gain=227.658 36.2545 31.8714 12.9684 14.2138 13.3911 11.3435 14.0839 16.6541 11.0622 10.9716 10.7997 11.4668 10.2266
threshold=0.00058821760760542228 0.0002938198518787035 0.0024667159500406954 0.00082146561650471301 0.0021126448481250701 -0.0010717450922878618 0.017281377594412454 0.001511098771147829 0.0087219554369364193 0.0015538068404463703 -0.00049182383942042429 0.00066941330356384842 0.00043335397761345989 0.82376163787471623
decision_type=2 2 2 2 2 2 2 2 2 2 2 2 2 2
left_child=1 -1 3 -2 11 -6 -4 9 -9 -8 13 12 -5 -3
right_child=2 10 6 4 5 -7 7 8 -10 -11 -12 -13 -14 -15
leaf_value=-0.022195267367197829 0.00011229553080393486 -0.01511261445968135 0.017104464004171989 0.077385325186223111 -0.019633358140520515 0.0065925916731070528 0.003900177316962134 0.034381412726242011 0.0063701444145553383 -0.028349720480524546 -0.0091122446975305579 0.012205071593904835 0.021889014950189828 0.024101206671666688
leaf_weight=239.30115476995707 340.96454967558384 8.1550639048218745 357.08309093117714 3.9794092178344753 20.632399961352348 90.946709424257278 25.079176396131516 23.783956572413445 88.274183541536331 14.162692978978155 526.99081818014383 98.804029449820518 15.618601545691488 16.573965638875961
leaf_count=2128 2233 61 1974 24 124 535 143 129 478 80 4002 587 95 123
internal_value=-0.00023352 -0.0124524 0.00872192 0.00383964 0.00932831 0.00158511 0.0141808 0.00719404 0.0125935 -0.00807976 -0.00818857 0.0165258 0.0365131 0.010968
internal_weight=1870.35 791.021 1079.33 570.946 229.981 111.579 508.383 151.3 112.058 39.2419 551.72 118.402 19.598 24.729
internal_count=12716 6314 6402 3598 1365 659 2804 830 607 223 4186 706 119 184
is_linear=0
shrinkage=0.03


Tree=19
num_leaves=15
num_cat=0
split_feature=10 10 9 35 23 18 34 32 27 8 34 29 36 10
split_gain=218.014 39.8894 30.4081 19.5889 13.1868 12.3147 11.3211 11.7005 11.0845 10.3035 9.51823 11.7271 9.51821 11.3456
threshold=0.00058821760760542228 0.0002938198518787035 0.0007914056256587528 0.60769595628380746 0.00087526563895995761 -0.00080136887163279036 0.5881924180072482 0.0039544048897908182 0.00021333323728645051 0.0026827997719947043 0.14161400408710756 0.005383422869853628 0.52690280189392225 0.0010677262282410953
decision_type=2 2 2 2 2 2 2 2 2 2 2 2 2 2
left_child=1 5 3 10 8 -1 9 -8 -3 -5 11 -2 -4 -14
right_child=2 4 12 6 -6 -7 7 -9 -10 -11 -12 -13 13 -15
leaf_value=0.029015237586918718 0.059712766041975403 -0.017255810649297116 0.02676866600309772 0.0048446225354751961 0.00014898651129797573 -0.023276136626380225 -0.020578215973580869 0.013034373029112117 -0.0067677936787933083 -0.016662971580230126 -0.0049479919295850848 -0.002320661072434691 -0.0025609283838452625 0.014785295438359609
leaf_weight=3.2645711451768866 3.6921940147876722 138.37325236201286 53.213153213262558 158.82844591140747 145.15886390209198 229.77599065005779 8.7287642657756788 262.22839765250683 271.63376815617085 21.898436993360519 185.06339387595654 6.2204097658395767 36.988864734768867 346.4188324213028
leaf_count=28 24 1077 289 992 1079 2079 57 1587 2084 132 1223 41 217 1836
internal_value=-1.02613e-05 -0.0120072 0.00871912 0.00457085 -0.00760268 -0.0224099 0.007998 0.0118688 -0.0103481 0.00214472 -0.00335354 0.0238649 0.0148316 0.0131017
internal_weight=1871.49 788.206 1083.28 646.66 555.166 233.041 451.684 270.957 410.007 180.727 194.976 9.9126 436.621 383.408
internal_count=12745 6347 6398 4056 4240 2107 2768 1644 3161 1124 1288 65 2342 2053
is_linear=0
shrinkage=0.03


Tree=20
num_leaves=15
num_cat=0
split_feature=10 20 28 10 32 7 23 28 19 34 24 25 20 10
split_gain=186.109 47.7779 29.5078 16.2342 14.3812 12.1921 11.3056 12.4505 14.8288 12.2238 12.2663 12.0075 10.7682 9.80713
threshold=0.00048142724149043804 0.0024667159500406954 0.0021604955446530853 0.00081577842632385444 0.0037822120012398481 0.00031909266287277754 0.00078786558049160238 0.0035557090787817218 0.0012674165947803887 0.049012403752183735 0.64315152801361097 0.24809584269097931 0.0025010884193890979 0.00086195819985857914
decision_type=2 2 2 2 2 2 2 2 2 2 2 2 2 2
left_child=2 3 4 6 -1 -4 11 9 -9 -8 -11 -2 -3 -5
right_child=1 12 5 13 -6 -7 7 8 -10 10 -12 -13 -14 -15
leaf_value=-0.023513495817749513 0.030613296009747437 0.035722760173332244 -0.013408754761055998 0.020801432048531913 -0.011585343610492583 0.0015232784645905853 0.044732386186657411 0.020119618137673583 -0.0052283860644719519 0.035960638831877938 -0.0056772789051176215 -0.0065306025122006204 0.012384020984490379 0.0050174322184525855
leaf_weight=236.79821356385946 7.0560426265001288 17.948942333459854 82.817580297589302 42.644638001918793 155.13166921585798 118.03831370919943 3.8375691324472418 62.437603667378426 30.120525613427162 5.6737776249647132 135.52514839172363 279.17486381530762 501.55289651453495 200.20573991537094
leaf_count=2136 47 102 685 263 1259 902 26 403 191 39 932 1918 2731 1165
internal_value=-0.000160155 0.00624761 -0.0140554 0.00147881 -0.0188413 -0.00465461 -0.00149032 0.00333171 0.011871 -0.00214126 -0.00374193 -0.00550111 0.0132632 0.00787535
internal_weight=1878.96 1286.18 592.786 766.676 391.93 200.856 523.826 237.595 92.5581 145.036 141.199 286.231 519.502 242.85
internal_count=12799 7817 4982 4984 3395 1587 3556 1591 594 997 971 1965 2833 1428
is_linear=0
shrinkage=0.03


Tree=21
num_leaves=15
num_cat=0
split_feature=10 10 10 17 27 35 36 26 33 7 29 24 20 17
split_gain=188.582 34.1377 29.3531 13.6108 13.1511 11.7244 12.6229 13.9707 13.0781 12.1004 11.7234 13.2357 12.6828 11.2866
threshold=0.00058441504665514472 0.0002938198518787035 0.00082146561650471301 0.00087483341726540831 0.00015573476978325565 0.85509940805305829 0.99363062475223118 0.33005611035450322 -0.0017377426982874331 0.00053759744863263192 0.0037275697423731651 0.89537736240482102 0.0018602381530595901 0.0005258819000314997
decision_type=2 2 2 2 2 2 2 2 2 2 2 2 2 2
left_child=1 -1 5 4 -3 -2 8 -8 -7 13 -10 -12 -13 -9
right_child=2 3 -4 -5 -6 6 7 9 10 -11 11 12 -14 -15
leaf_value=-0.0212987639984085 -0.0035542371006060144 -0.017888419667590753 0.01135059901306786 0.00053332074909018712 -0.0062750092361669851 -0.010599798980239506 0.02390564008249467 0.036319533718782708 -0.00073572689250211412 -0.0075448434348354488 0.063069842084430047 0.047260224743945714 -0.023289911624432776 -0.00057751604014807576
leaf_weight=227.63397068530321 215.11053466796875 134.16419692337513 723.02103580534458 141.94512888044119 259.53695438802242 7.3384038209915152 22.365763813257217 11.594530314207079 6.6802241057157543 81.742594853043556 11.819231674075128 3.2844137400388709 3.9688321799039841 17.850092172622681
leaf_count=2123 1438 1064 3993 1057 2013 48 136 71 43 518 72 20 25 110
internal_value=-0.000117761 -0.0115784 0.00780089 -0.00740993 -0.0102755 0.00105801 0.00701525 0.00280807 0.0233266 -0.0015843 0.0331411 0.0446016 0.0101486 0.0145688
internal_weight=1868.06 763.28 1104.78 535.646 393.701 381.755 166.644 133.553 33.0911 111.187 25.7527 19.0725 7.25325 29.4446
internal_count=12731 6257 6474 4134 3077 2481 1043 835 208 699 160 117 45 181
is_linear=0
shrinkage=0.03


Tree=22
num_leaves=15
num_cat=0
split_feature=10 10 28 20 22 20 27 36 31 25 25 26 29 27
split_gain=182.529 30.576 25.7835 17.6734 10.6751 9.74789 10.3572 10.1357 9.13291 10.0453 10.4989 10.3184 11.5216 21.1687
threshold=0.00049578695709497382 0.00081577842632385444 0.0033255525608942298 0.00078733113464726507 0.00072256312903322547 0.0026719403197980724 0.00084384891497735215 2.3553347059365577 -0.027784640957068781 1.2323505092064855 1.2854447806017473 0.82928253067452473 0.0043585812574702615 0.0041644022357950625
decision_type=2 2 2 2 2 2 2 2 2 2 2 2 2 2
left_child=2 4 3 -1 -2 -6 -7 -8 -3 11 -11 -10 13 -13
right_child=1 8 -4 -5 5 6 7 -9 9 10 -12 12 -14 -15
leaf_value=-0.025816604790538239 -0.023731896491193526 0.024897037799621671 -0.0031291506554466659 -0.012963942226874487 0.00086363383539711806 -0.010284000395922031 0.051534103858123861 0.00020057762219845122 0.0099619912997149593 0.040180750663568937 0.012998721151805726 -0.0012225579946736061 -0.0054656673298017896 0.044848410076813679
leaf_weight=145.41049840301275 14.240924187004564 37.13515430688858 160.2241518124938 301.86683840304613 494.98829758912325 6.009441256523135 9.4163443148136121 5.3732830286025992 318.23699547350407 13.010694518685339 226.05248945951462 27.739080920815468 97.010823652148247 12.150987401604651
leaf_count=1389 102 195 1257 2530 3333 38 56 32 1760 72 1236 156 535 65
internal_value=-4.81665e-06 0.00649944 -0.0135031 -0.0171973 0.00100305 0.00173639 0.0213766 0.0342678 0.010472 0.00966132 0.0146518 0.00700711 9.40612e-05 0.0134914
internal_weight=1868.87 1261.36 607.501 447.277 530.028 515.787 20.7991 14.7896 731.336 694.201 239.063 455.138 136.901 39.8901
internal_count=12756 7580 5176 3919 3561 3459 126 88 4019 3824 1308 2516 756 221
is_linear=0
shrinkage=0.03


Tree=23
num_leaves=15
num_cat=0
split_feature=10 10 28 20 8 19 31 30 18 22 28 31 19 22
split_gain=176.237 39.9681 22.2414 14.4924 16.5369 12.0743 11.2304 11.9093 14.1533 10.7052 11.412 15.5104 12.0788 10.265
threshold=0.00048142724149043804 0.00082146561650471301 0.0033255525608942298 0.0048234755313820129 0.0074508019758942065 0.00049075111821813959 -0.043824515647650768 0.0062839275465111531 0.0074357714736738032 0.00072256312903322547 0.0026409875361531614 0.012790937103140833 0.0020019353861228857 0.0023455072880378554
decision_type=2 2 2 2 2 2 2 2 2 2 2 2 2 2
left_child=2 9 5 6 -5 -1 -3 8 -8 -2 -11 12 -12 -9
right_child=1 3 -4 4 -6 -7 7 13 -10 10 11 -13 -14 -15
leaf_value=-0.026695193496467429 -0.024205761221562674 0.045184502057997455 -0.0042813672460662649 0.028877075036128318 -0.010769640933474028 -0.014727869662479276 0.012769704354524947 0.01217955648174724 0.043173768085676155 -0.0033833422064244124 0.0080624114994323603 -0.0074639211051996954 0.047598566126772102 0.0035246775698917184
leaf_weight=103.47250564396381 15.248896338045595 6.7137498557567588 152.05429238826036 62.54140816628933 10.469785854220389 319.74018166959286 90.745939910411835 194.15758998692036 15.839455083012579 303.36093031615019 176.92907845973969 62.785008132457733 6.3424824029207221 342.57167018949986
leaf_count=1011 113 34 1203 324 54 2769 500 1103 81 2112 1147 404 36 1854
internal_value=-0.000392032 0.00577345 -0.0141844 0.0104392 0.0230825 -0.0177169 0.00898124 0.00852922 0.0176752 -0.000203532 0.000499958 0.0052941 0.0096978 0.00667792
internal_weight=1862.97 1287.71 575.267 723.04 73.0112 423.213 650.028 643.315 106.585 564.666 549.417 246.057 183.272 536.729
internal_count=12745 7762 4983 3950 378 3780 3572 3538 581 3812 3699 1587 1183 2957
is_linear=0
shrinkage=0.03


Tree=24
num_leaves=15
num_cat=0
split_feature=10 10 10 36 27 17 23 18 27 14 31 30 21 21
split_gain=169.415 31.6764 28.8781 11.6685 11.7745 10.5864 10.2921 9.34454 9.29577 9.11432 12.4888 8.84589 9.33049 8.68698
threshold=0.00057930961771836557 0.0002938198518787035 0.0011001357208196962 3.1972668930445911 0.011643846149207994 -0.00049182383942042429 0.00087526563895995761 -0.00080136887163279036 0.00015573476978325565 0.82376163787471623 0.0010237324551580775 0.0061720478606684852 0.004040458945370696 0.0023050635614706443
decision_type=2 2 2 2 2 2 2 2 2 2 2 2 2 2
left_child=1 7 3 4 -2 9 8 -1 -7 -3 -11 12 -5 -4
right_child=2 5 13 11 -6 6 -8 -9 -10 10 -12 -13 -14 -15
leaf_value=0.025992644778443142 0.0024474366775441678 -0.013302109997810266 0.024160748789646379 0.0095174465948162437 0.041220796260541377 -0.017040633315601992 -0.00074599254379890598 -0.021151331576466571 -0.0068577983483388031 -0.0044970250475409078 0.046943613432942406 -0.0052082168012335985 0.050102686316185578 0.011808154310335254
leaf_weight=2.9867458567023268 652.67330534011126 7.4984895661473301 60.542162701487541 10.368555650115018 6.1430218815803519 124.35346468538046 138.25529393553734 217.445955991745 238.81055510789156 7.0416540950536719 8.7981808036565763 7.4178918898105612 10.806745752692221 379.47845004498959
leaf_count=26 4076 58 312 61 34 1016 1042 2121 1891 55 64 43 60 1960
internal_value=0.000234424 -0.0108546 0.00756965 0.00371316 0.00287544 -0.00681456 -0.00774365 -0.0203845 -0.01039 0.0125214 0.0249883 0.0221641 0.0316906 0.0135655
internal_weight=1872.62 745.19 1127.43 687.41 658.816 524.758 501.419 220.433 363.164 23.3383 15.8398 28.5932 21.1753 440.021
internal_count=12819 6273 6546 4274 4110 4126 3949 2147 2907 177 119 164 121 2272
is_linear=0
shrinkage=0.03


Tree=25
num_leaves=15
num_cat=0
split_feature=10 19 10 36 28 21 34 34 30 11 12 13 34 31
split_gain=147.562 32.7953 25.2947 14.1024 11.2803 13.3355 10.932 21.1388 35.1257 13.6112 12.8371 14.9358 15.2025 10.1227
threshold=0.00059245734429646515 0.00049075111821813959 0.00082146561650471301 0.37730847373443582 0.001152697615988574 0.0035084805880536423 0.62765192157398964 0.57939816935968136 0.006368789644195889 0.0014573821807634115 0.00090834680685985701 0.00097412426947577474 0.45236689459472096 -0.029590056090586733
decision_type=2 2 2 2 2 2 2 2 2 2 2 2 2 2
left_child=1 -1 -2 -3 5 -5 7 10 -9 -8 -6 12 -12 -4
right_child=2 3 13 4 6 -7 9 8 -10 -11 11 -13 -14 -15
leaf_value=-0.024224421359157543 0.0011030840507048187 -0.01608830799296818 0.027365250094442673 -0.010756982370871863 -0.0043658041613061759 0.019139564203242872 -0.0012706242546403036 0.063862641259189931 -0.018710424838942627 -0.024826626021706329 0.0080427333421662847 -0.021881796059373852 0.076492570855902858 0.0099505362041220416
leaf_weight=117.81307077407837 371.95433494448662 123.82730336487293 31.045345813035965 248.86078081279993 76.572601042687893 13.226759739220141 117.69779521226883 12.005096368491651 6.5548561438918105 26.302967190742493 6.544251084327696 3.8205673992633811 4.8872650936245918 693.62688873708248
leaf_count=1171 2406 1045 159 2122 602 98 919 93 49 188 47 27 35 3761
internal_value=0.000441727 -0.00972649 0.00747635 -0.00702063 -0.00481391 -0.00916978 -0.000296088 0.00676075 0.0350811 -0.00573556 0.000687953 0.0249522 0.0413472 0.0107374
internal_weight=1854.74 758.113 1096.63 640.3 516.473 262.088 254.385 110.385 18.56 144.001 91.8247 15.2521 11.4315 724.672
internal_count=12722 6396 6326 5225 4180 2220 1960 853 142 1107 711 109 82 3920
is_linear=0
shrinkage=0.03


Tree=26
num_leaves=15
num_cat=0
split_feature=10 10 28 11 20 24 34 7 21 9 28 28 35 34
split_gain=154.719 37.3506 22.4271 15.2308 11.6092 11.5285 11.311 11.1508 10.9816 18.8661 11.0697 12.6261 13.6397 11.4155
threshold=0.00045316483587576898 0.00082146561650471301 0.0019191705667773176 0.00070022403090835861 0.00076091590349984691 0.30146162256316628 0.92565820841051172 0.0001240834751544129 0.0046170611452683872 0.00044975490143981447 0.0024640867797892656 0.0059118748182092071 4.1657174557046348 0.049012403752183735
decision_type=2 2 2 2 2 2 2 2 2 2 2 2 2 2
left_child=2 8 4 5 -1 -4 -3 -5 10 -10 13 -12 -13 -2
right_child=1 6 3 7 -6 -7 -8 -9 9 -11 11 12 -14 -15
leaf_value=-0.027309450915167961 0.031170037742768473 0.0083630889072560596 0.0069729631145308548 0.048551973707804626 -0.014890520453013825 -0.021244488859791286 0.019771719757645956 -0.00043385235369271117 0.046032799352677303 0.0032753835200738423 0.011497737555349077 -0.0040469455567969754 0.044056786755135982 -0.0061369810165267553
leaf_weight=104.26651824265718 6.5605113431811324 646.3465560823679 15.566506817936896 3.353215053677558 215.43481682986021 64.44083658605814 89.49540339410305 103.66548096388578 10.865466400980948 44.470589146018028 98.636445328593254 143.98590396344662 4.5026060938835135 306.14101231843233
leaf_count=1082 44 3492 134 30 1925 563 468 832 68 276 648 947 26 2199
internal_value=-7.75664e-05 0.00522351 -0.0141993 -0.00588106 -0.0190227 -0.0156991 0.00977966 0.00150851 -0.000228596 0.0123923 -0.00150133 0.0032293 -0.00228327 -0.00524785
internal_weight=1857.73 1351 506.727 187.026 319.701 80.0073 735.842 107.019 615.163 55.3361 559.826 247.125 148.489 312.702
internal_count=12734 8168 4566 1559 3007 697 3960 862 4208 344 3864 1621 973 2243
is_linear=0
shrinkage=0.03


Tree=27
num_leaves=15
num_cat=0
split_feature=10 10 28 28 33 28 25 35 30 17 35 35 33 31
split_gain=146.417 36.3096 20.9656 15.4458 18.3329 15.4144 15.125 13.0569 11.883 11.5597 10.4163 10.6983 16.0785 13.0935
threshold=0.00048142724149043804 0.0011001357208196962 0.0019191705667773176 0.0026409875361531614 -0.002271351058778522 0.008431848468811844 0.32972023666579559 3.4385192526498591 0.0034441982297857706 0.00060093980603637142 1.6941392318281185 0.74177703809435414 0.0029979134616772052 -0.0026767581448421392
decision_type=2 2 2 2 2 2 2 2 2 2 2 2 2 2
left_child=2 3 8 6 -5 7 9 10 -1 -2 11 12 13 -6
right_child=1 -3 -4 4 5 -7 -8 -9 -10 -11 -12 -13 -14 -15
leaf_value=-0.027174032407517128 0.0027867266940366162 0.012699934337477854 -0.0050729969740400411 -0.014850107893745376 0.037281944174813356 0.002182793489167896 -0.0031087652755048792 0.057627365270006177 -0.01396326133120959 0.039891936958203915 -0.0090025257627444552 0.024184873934268186 -0.009598677178247644 0.0076989601731679638
leaf_weight=82.735154032707214 18.592144541442398 442.93370139598846 206.58623890578747 32.526573121547699 18.742652624845505 186.2140349522233 428.08121874928474 5.213808834552764 262.79904872179031 12.155763953924177 16.945692181587219 68.366477251052856 29.573462769389153 45.904220014810562
leaf_count=853 122 2251 1709 205 119 1134 2849 28 2409 75 103 412 188 298
internal_value=0.00024755 0.00572711 -0.012688 0.00213145 0.00640717 0.00831403 -0.00162779 0.0144328 -0.0172044 0.0183447 0.0128495 0.0151865 0.00844035 0.0167587
internal_weight=1857.37 1305.25 552.12 862.316 403.487 370.96 458.829 184.746 345.534 30.7479 179.533 162.587 94.2203 64.6469
internal_count=12755 7784 4971 5533 2487 2282 3046 1148 3262 197 1120 1017 605 417
is_linear=0
shrinkage=0.03


Tree=28
num_leaves=15
num_cat=0
split_feature=10 10 10 28 9 28 31 36 9 19 14 31 7 7
split_gain=136.96 30.285 19.2937 14.7696 14.942 14.0836 14.3018 10.6112 11.1899 13.7476 10.8269 10.0469 9.75021 8.87585
threshold=0.00058821760760542228 0.0002938198518787035 0.00082146561650471301 0.0066734054676321217 0.00019649678757082629 0.0021604955446530853 0.0066343636512086199 0.78443333500406076 0.00059974210254249447 0.0021021732347764025 0.61884123685575643 -0.0014817883256279527 0.00016697834884749077 0.00069574112160131218
decision_type=2 2 2 2 2 2 2 2 2 2 2 2 2 2
left_child=1 3 7 -1 -5 11 13 10 -9 -10 -2 -3 -13 -7
right_child=2 5 -4 4 -6 6 -8 8 9 -11 -12 12 -14 -15
leaf_value=-0.021541061522016548 0.036803344073153652 -0.015097654373634667 0.0093491146497392541 0.070127630215545952 -0.0072373450376746837 0.0012598027133366185 -0.010211694722601769 0.010529703879675705 -0.011348420734440102 0.041354680618301352 -0.0049792433930011737 0.034498657508800872 -0.0057176305208549742 0.01939616969236576
leaf_weight=197.37651603668928 4.7425697892904273 175.43327325582504 748.86161741614342 2.173416353762148 6.9825287163257599 110.31596081703901 84.841143891215324 137.56718890368938 43.846504732966423 3.9461017400026313 192.13422927260399 4.6690132841467848 122.7374540194869 30.359156377613544
leaf_count=2043 31 1475 3992 20 62 832 628 851 272 23 1292 41 1032 216
internal_value=1.44379e-06 -0.0100725 0.00655235 -0.0197968 0.0159288 -0.00623539 -0.000539034 0.00105512 0.00619597 -0.00617701 -0.00377668 -0.0104517 -0.00396329 0.00530427
internal_weight=1865.99 734.888 1131.1 206.532 9.15595 528.356 225.516 382.237 185.36 47.7926 196.877 302.84 127.406 140.675
internal_count=12810 6349 6461 2125 82 4224 1676 2469 1146 295 1323 2548 1073 1048
is_linear=0
shrinkage=0.03


Tree=29
num_leaves=15
num_cat=0
split_feature=10 9 20 35 31 31 20 34 35 29 29 27 31 19
split_gain=124.788 28.7951 21.2211 14.3972 13.2061 12.6729 11.8589 14.3176 11.9518 17.8567 13.6431 16.4302 11.809 10.3875
threshold=0.00050775733105273932 0.0007914056256587528 0.00078733113464726507 0.61237683354033134 -0.034748458774714712 -0.027784640957068781 0.0012829289846822017 0.5881924180072482 1.1108164208425777 0.0028809678592412436 0.0036188254504738037 0.0019130590038484165 0.0093074125185151364 0.00053079546135888017
decision_type=2 2 2 2 2 2 2 2 2 2 2 2 2 2
left_child=2 3 12 5 -3 -2 -5 -8 9 -9 11 -10 -1 -7
right_child=1 4 -4 6 -6 13 7 8 10 -11 -12 -13 -14 -15
leaf_value=-0.021983941164704181 0.038488574948065055 0.042356490572007903 -0.0077499788016349852 -0.014024924148102663 0.010631618178376977 0.044940774393278343 -0.00017258175343762329 -0.022415983688769625 -0.010408676931607002 0.01801756919295272 -0.0035046787421776802 0.026193516458024941 0.02922393376671004 -0.0053652144274679717
leaf_weight=151.86332652717829 5.2720293551683417 11.340745702385901 435.76897121965885 27.254576474428177 445.79808348417282 2.7453976199030867 205.76158867776394 9.5939757674932462 14.780601434409617 154.91649152338505 89.398084133863449 36.98297968506813 3.2851829007267943 256.38009525090456
leaf_count=1600 30 53 3714 187 2273 20 1281 61 93 938 518 217 32 1736
internal_value=0.000177691 0.00551239 -0.0111844 0.00208121 0.0115159 -0.00363672 0.00489476 0.00593426 0.010042 0.0155202 0.00357225 0.0156861 -0.0207002 -0.00464998
internal_weight=1851.14 1260.22 590.917 803.086 457.139 264.398 538.688 511.434 305.672 164.51 141.162 51.7636 155.149 259.125
internal_count=12753 7407 5346 5081 2326 1786 3295 3108 1827 999 828 310 1632 1756
is_linear=0
shrinkage=0.03


Tree=30
num_leaves=15
num_cat=0
split_feature=20 9 35 28 27 18 20 27 36 30 8 17 20 19
split_gain=111.855 34.499 15.7755 15.4987 12.7771 12.611 12.9716 16.0043 11.4044 11.2029 10.7924 11.9013 10.5917 19.2294
threshold=0.0010879568433653417 0.0007914056256587528 0.61237683354033134 0.0019191705667773176 -0.0024718268665421812 0.002876852224293958 0.0042502519953707789 -0.0019445386622574665 0.57049373876495468 0.011782867748603126 0.0022880441336505801 -0.00010112588622485096 0.0048234755313820129 0.0021833993900578223
decision_type=2 2 2 2 2 2 2 2 2 2 2 2 2 2
left_child=3 2 8 -1 -4 6 7 -3 -2 10 11 -9 13 -7
right_child=1 5 4 -5 -6 12 -8 9 -10 -11 -12 -13 -14 -15
leaf_value=-0.020055886793359401 -0.0027885669199699411 -0.0058415985443046794 -0.0071268835737068369 -0.0067844148237625823 0.0047205672472725854 0.010624808186748698 0.00095866628802116318 0.034261055587454382 -0.019547844168815838 0.044255268647328372 0.028758570672171593 -0.0059745456110932814 0.018234022498831808 -0.0059659930493427965
leaf_weight=226.6365115866065 321.90315844863653 15.760436147451399 94.372453920543194 124.88182070106268 576.90298133343458 156.79788185656071 34.971157357096672 8.2941273152828234 40.434677086770535 23.643507286906242 49.235932067036629 21.94986355304718 57.210995137691498 103.44047155976295
leaf_count=2316 2317 82 629 1093 3737 799 173 43 285 120 249 115 284 519
internal_value=-0.000168755 0.00339065 0.000317922 -0.0153821 0.00304239 0.0101081 0.0171529 0.0218438 -0.00471571 0.0261193 0.0202041 0.00570707 0.00664125 0.00402116
internal_weight=1856.44 1504.92 1033.61 351.518 671.275 471.304 153.855 118.884 362.338 103.123 79.4799 30.244 317.449 260.238
internal_count=12761 9352 6968 3409 4366 2384 782 609 2602 527 407 158 1602 1318
is_linear=0
shrinkage=0.03


Tree=31
num_leaves=15
num_cat=0
split_feature=10 10 28 34 19 30 30 33 28 33 31 3 34 19
split_gain=113.027 29.9341 16.8092 13.0462 12.4073 11.5306 19.7257 23.7951 10.8135 12.8181 12.8745 11.3718 17.4728 10.0055
threshold=0.00045316483587576898 0.00082146561650471301 0.0033889583978453102 0.62765192157398964 0.00049872892679972815 0.0051256775879725052 0.0045399199618963489 0.00079214162604275974 0.0024085378914295856 -0.0034921875649379388 0.012790937103140833 1.0000000180025095e-35 0.12510874141893766 0.0020019353861228857
decision_type=2 2 2 2 2 2 2 2 2 2 2 2 2 2
left_child=2 8 4 5 -1 6 -4 -8 11 -10 13 -2 -13 -11
right_child=1 -3 3 -5 -6 -7 7 -9 9 10 -12 12 -14 -15
leaf_value=-0.025092558111619211 0.0025210019211035438 0.0084298956095844851 0.0030985196302885901 -0.010485773391522544 -0.012277697952072555 -0.0049457956235371579 -0.00011011529703685967 0.099382168426745646 -0.029784596246877067 0.0072919544666618088 -0.006669923959659217 0.028708525032384635 -0.010892180934335173 0.043311105057518673
leaf_weight=94.344792254269123 133.94292858988047 755.87320093810558 15.674687691032888 78.936744071543217 263.36007421463728 25.062310323119164 3.5275175496935836 4.3508062958717346 8.8703559488058072 204.1086225733161 64.126221768558025 9.6146538034081441 185.53593244403601 6.2868701368570319
leaf_count=1053 964 3986 134 656 2477 201 29 33 59 1326 416 66 1335 34
internal_value=2.59044e-05 0.00443958 -0.0123974 -0.00298832 -0.0157265 0.00909082 0.0237422 0.0595018 -0.000485728 0.00379713 0.00499728 -0.00418324 -0.00878943 0.00858223
internal_weight=1853.62 1368.36 485.257 127.552 357.705 48.6153 23.553 7.87832 612.486 283.392 274.522 329.094 195.151 210.395
internal_count=12769 8186 4583 1053 3530 397 196 62 4200 1835 1776 2365 1401 1360
is_linear=0
shrinkage=0.03


Tree=32
num_leaves=15
num_cat=0
split_feature=10 9 10 36 18 33 20 19 18 22 22 19 28 20
split_gain=107.22 26.7516 16.8379 15.4818 14.1419 13.197 9.38893 15.1231 18.5023 10.4934 14.5126 10.1361 11.0357 9.43625
threshold=0.00045316483587576898 0.0007914056256587528 0.0002938198518787035 0.73367150280725324 -0.00080136887163279036 -0.0027890685364618936 0.0048234755313820129 0.0021235211144507104 0.0027124748889693078 0.0019056034417299021 0.0023455072880378554 0.0036744261260261732 0.0087966558900038367 0.0042502519953707789
decision_type=2 2 2 2 2 2 2 2 2 2 2 2 2 2
left_child=2 3 4 -2 -1 -5 7 -3 9 -9 -11 12 -8 -12
right_child=1 6 -4 5 -6 -7 11 8 -10 10 13 -13 -14 -15
leaf_value=0.039425484160072702 -0.0037105985983783133 0.012580822080604166 -0.0080716933907753335 -0.0084520324274304746 -0.020594815527746214 0.0061072481279442793 0.0065510059043154285 -0.018490111725296385 -0.005862903862718369 0.057979199306051506 0.020219259015779246 0.0076500240141236095 0.040859625510677143 -0.01438931590584387
leaf_weight=2.6746733188629142 405.40839256346226 225.90543131530285 285.40694453567266 63.43099457770586 192.94279493391514 426.75250817835331 13.336796164512633 6.2660416662693015 117.36408771574497 6.8898357152938834 30.150732412934303 38.458430394530296 25.576970353722572 8.2909723222255689
leaf_count=24 2778 1147 2466 405 2098 2616 65 32 588 34 150 189 126 41
internal_value=-0.000612846 0.00367062 -0.0127818 0.000617672 -0.0195626 0.00420376 0.00944058 0.00752007 0.000701883 0.0155188 0.0205821 0.0189825 0.029635 0.0125034
internal_weight=1848.86 1367.83 481.024 895.592 195.617 490.184 472.239 394.867 168.962 51.5976 45.3315 77.3722 38.9138 38.4417
internal_count=12759 8171 4588 5799 2122 3021 2372 1992 845 257 225 380 191 191
is_linear=0
shrinkage=0.03


Tree=33
num_leaves=15
num_cat=0
split_feature=10 10 20 17 31 31 24 35 31 31 35 34 17 22
split_gain=103.625 22.7139 15.8323 11.5261 10.4288 11.8376 11.1877 9.79325 8.94315 8.26278 15.3952 8.72677 11.7475 12.2785
threshold=0.00047195164729851429 0.0007509300814853878 0.00078733113464726507 0.00060093980603637142 -0.0084349864328936413 -0.0079864979557402998 0.99991251093612799 3.8380573958831494 -0.015408189339521537 -0.029590056090586733 0.77165183920070513 0.92028293027533747 -0.0010460620698089505 0.0051496665270344471
decision_type=2 2 2 2 2 2 2 2 2 2 2 2 2 2
left_child=2 3 -1 7 6 -6 -5 -2 -8 10 -3 -11 -13 -14
right_child=1 9 -4 4 5 -7 8 -9 -10 11 -12 12 13 -15
leaf_value=-0.020171629281077082 -0.0067691711117426742 0.044471387220723094 -0.0083319085241612169 -0.015816107225928015 0.051344336562298469 0.0051171423352649936 0.051896625080769407 0.036180812752668726 -0.0087679128243435302 0.0052806712333579977 0.0045272820018731688 0.048968090927941396 0.0063321411124583364 0.033788358894941868
leaf_weight=142.75288236886263 225.12273930758238 14.049962371587752 363.88668431341648 38.66685102134943 4.1496974006295195 200.99702379852533 3.4339896738529205 3.8806698843836775 3.6943177580833426 718.5574926584959 21.598830953240395 7.3641244471073142 81.501534551382065 17.215394973754883
leaf_count=1594 1587 71 3228 269 28 1362 23 23 26 3885 107 37 430 83
internal_value=-0.000161036 0.00420685 -0.011707 -0.0010156 0.00341202 0.00631131 -0.00936903 -0.00587416 0.0228768 0.00712167 0.0211359 0.00648734 0.0145073 0.0114412
internal_weight=1846.87 1340.23 506.64 479.945 250.942 205.147 45.7952 229.003 7.12831 860.287 35.6488 824.639 106.081 98.7169
internal_count=12753 7931 4822 3318 1708 1390 318 1610 49 4613 178 4435 550 513
is_linear=0
shrinkage=0.03


Tree=34
num_leaves=15
num_cat=0
split_feature=10 10 28 11 21 9 21 11 35 17 28 11 10 9
split_gain=92.759 23.4444 19.6314 12.7094 11.3753 10.815 14.7104 10.3405 10.2473 9.42891 9.32414 9.2228 9.10279 16.5977
threshold=0.0004567932311648919 0.0010677262282410953 0.0021604955446530853 0.00075162621354107906 0.002284413067165592 0.00044975490143981447 0.0046170611452683872 0.0016863916884751753 3.2566870073610263 0.00086308244217264695 -0.0079815016438236058 0.0023318358032820567 0.00071887237744935482 0.00058496488867269846
decision_type=2 2 2 2 2 2 2 2 2 2 2 2 2 2
left_child=2 4 9 -4 12 6 10 -3 -7 -1 -6 -12 -2 -14
right_child=1 7 3 -5 5 8 -8 -9 -10 -11 11 -13 13 -15
leaf_value=-0.017721441524272363 -0.0059122351371285386 0.024583983833054369 -0.011444942685239781 0.0050691535583758038 -0.015600665155820197 0.00096798988226512775 0.043525623977655997 0.008188643327444952 0.021355223638393594 -0.0026952047983706769 0.0089374880328382447 0.045891286234973835 0.017607837482707413 -0.0040031545902708063
leaf_weight=266.05564200878143 252.33166585862637 37.153471767902374 78.792466141283512 87.275304883718491 11.273117586970328 379.30922480672598 11.832504317164419 448.38617819547653 22.611736476421356 44.763603985309601 62.439315609633923 5.9355962201952925 48.438682988286018 89.44951494038105
leaf_count=2781 1821 185 715 716 84 2324 70 2219 123 412 437 40 302 533
internal_value=0.000236874 0.00420769 -0.0111422 -0.00276977 0.00129025 0.00431575 0.0135742 0.00949733 0.00217256 -0.0155826 0.00860285 0.0128039 -0.00252884 0.00363908
internal_weight=1846.05 1369.16 476.887 166.068 883.621 493.401 91.4805 485.54 401.921 310.819 79.648 68.3749 390.22 137.888
internal_count=12762 8138 4624 1431 5734 3078 631 2404 2447 3193 561 477 2656 835
is_linear=0
shrinkage=0.03


Tree=35
num_leaves=15
num_cat=0
split_feature=10 28 20 22 20 11 29 31 7 21 31 31 11 22
split_gain=96.8828 19.8607 14.3614 13.1453 12.5102 12.3061 11.8744 15.9548 13.49 12.0899 14.5423 11.0566 11.2307 10.1257
threshold=0.00048142724149043804 0.0019191705667773176 0.0024273830215593177 0.0022871233282474334 0.00078733113464726507 0.00070022403090835861 0.0034582026491941698 0.0034631074758906815 0.00036579365779187972 0.001860594971736518 -0.0021183494218173777 -0.026296380117795667 0.0016414630491907169 0.00074667437151357122
decision_type=2 2 2 2 2 2 2 2 2 2 2 2 2 2
left_child=1 4 13 -4 -1 -3 7 8 -7 10 -10 -5 -13 -2
right_child=2 5 3 11 -6 6 -8 -9 9 -11 -12 12 -14 -15
leaf_value=-0.024427218976717378 -0.019696367687340035 -0.01258961708281576 0.015177345616236154 0.022971452542459917 -0.011346586754941773 0.0026754493361030489 -0.0071506938982527461 -0.0033776497089784128 0.0030682533914252316 0.011698365102795649 0.082328996873857724 0.021438438751927427 0.0022861511039580732 0.0023664779998560197
leaf_weight=97.107309222221375 18.194791093468666 77.875764682888985 167.30502390861511 28.30529747903347 217.79459701478481 13.526126712560655 58.197524957358837 32.385458193719387 2.9785132110118893 7.9818773418664923 7.4383351504802695 28.996499717235565 353.54344855248928 733.72337125986814
leaf_count=1164 137 722 895 137 2070 120 470 265 24 63 60 151 1779 4696
internal_value=0.000265705 -0.010764 0.00454587 0.00809846 -0.0154544 -0.00333801 0.00257309 0.0113933 0.026116 0.0421677 0.0621824 0.00517865 0.00379783 0.00180317
internal_weight=1845.35 515.286 1330.07 578.15 314.902 200.384 122.508 64.3103 31.9249 18.3987 10.4168 410.845 382.54 751.918
internal_count=12753 4958 7795 2962 3234 1724 1002 532 267 147 84 2067 1930 4833
is_linear=0
shrinkage=0.03


Tree=36
num_leaves=15
num_cat=0
split_feature=20 20 20 31 26 30 31 30 28 31 12 24 27 27
split_gain=84.0312 19.7674 15.8803 12.1577 12.4225 10.1504 15.2748 15.5064 9.897 8.98117 11.3767 12.1737 8.81137 13.6612
threshold=0.0012425793701746092 0.0023807503759791771 0.00070874255167568381 -0.029590056090586733 0.62284367633656512 0.0046361629190311907 -0.0019366130671108481 0.0045770797462631766 -0.00041513000211118584 0.017281377594412454 0.0014847289236785827 0.65110044046351134 -0.0024121081571936705 -0.011806136356476314
decision_type=2 2 2 2 2 2 2 2 2 2 2 2 2 2
left_child=2 3 -1 -2 -5 6 -6 -8 -4 12 11 -11 13 -3
right_child=1 9 8 4 5 -7 7 -9 -10 10 -12 -13 -14 -15
leaf_value=-0.021702778951842437 0.02748112450384993 0.038377293635268608 -0.014647698558100462 -0.0052404510623823546 -0.018639128029663544 0.0011034234676005463 0.015777814456861872 0.075620234007583387 -0.0042868702214092693 0.014048491730370519 0.0062930522014337598 -0.020322622999087676 0.012133030077374181 -0.0021031424959373512
leaf_weight=104.65523920953274 13.496278353035448 7.2347675859928122 136.68076249212027 283.6438295468688 9.2231882438063604 439.27275428920984 40.740001834928989 3.5065203905105582 215.03746970742941 11.828258275985716 127.4912233799696 33.091685816645622 330.31269663572311 82.925804078578949
leaf_count=1244 79 35 1333 2023 63 2824 253 21 1866 63 636 178 1684 441
internal_value=-0.000311493 0.0033717 -0.0114608 0.000258342 -0.000245767 0.0026281 0.0148486 0.0221531 -0.0083518 0.00750707 0.00170685 -0.0110979 0.00986859 0.00149758
internal_weight=1839.14 1382.77 456.373 789.883 776.386 492.742 53.4697 44.2465 351.718 592.884 172.411 44.9199 420.473 90.1606
internal_count=12743 8300 4443 5263 5184 3161 337 274 3199 3037 877 241 2160 476
is_linear=0
shrinkage=0.03


Tree=37
num_leaves=15
num_cat=0
split_feature=10 10 18 31 28 34 34 31 27 33 18 31 17 18
split_gain=83.5651 25.279 11.171 10.9272 12.9333 11.0856 11.3725 20.2858 14.4693 15.4412 13.2718 11.3165 10.1608 12.6199
threshold=0.00058821760760542228 0.0002938198518787035 -0.00080136887163279036 -0.0015790955569133789 0.0053101754056214543 0.2168361125166903 0.76419230181671283 0.0046671612009814853 0.0033688200697829522 0.0007494915681946578 -4.5246140746635348e-05 0.0015353806843222408 0.00084260158672244689 -0.00016995294727673024
decision_type=2 2 2 2 2 2 2 2 2 2 2 2 2 2
left_child=1 2 -1 4 -3 -5 7 8 9 -7 -11 -12 13 -9
right_child=-2 3 -4 5 -6 6 -8 12 -10 10 11 -13 -14 -15
leaf_value=0.031650711422127449 0.0047968648974150178 -0.012380673109116131 -0.018900924847568487 -0.019455593110866826 0.016049008218222735 0.0083081450930955897 -0.0069294563680440315 0.016830261930482739 -0.023018912466677206 -0.010470079660014987 0.021383642317871151 0.063515588400090348 0.011214724789349057 -0.017224119353344638
leaf_weight=3.1070393696427336 1140.1963695138693 190.19882291555405 181.87046413868666 26.57447174936533 14.637653090059755 43.425799936056137 111.01748053729534 11.105932950973509 6.8148957490921012 4.1891918554902103 12.823054231703283 12.95820292085409 25.19739293307066 51.573057077825069
leaf_count=28 6382 1658 2113 223 108 367 881 87 52 34 105 102 188 424
internal_value=-0.000199338 -0.00838958 -0.0178701 -0.00492039 -0.0102664 -0.00130643 0.000474189 0.00539391 0.0162173 0.0201612 0.036416 0.044253 -0.00452293 -0.0109735
internal_weight=1835.69 695.493 184.978 510.516 204.836 305.679 279.105 168.088 80.2111 73.3962 29.9704 25.7813 87.8764 62.679
internal_count=12752 6370 2141 4229 1766 2463 2240 1359 660 608 241 207 699 511
is_linear=0
shrinkage=0.03


Tree=38
num_leaves=15
num_cat=0
split_feature=10 28 20 8 27 34 34 11 21 3 21 28 31 25
split_gain=80.1128 24.0528 18.3134 12.8153 11.985 13.495 15.546 15.6044 14.6056 11.3772 27.8988 14.348 12.7666 14.4065
threshold=0.00050775733105273932 0.0021604955446530853 0.0024667159500406954 0.00086750837002702596 0.0002632645704973014 0.60648448494834106 0.57939816935968136 0.00086024995188094266 0.0024770481401132365 1.0000000180025095e-35 0.0040756977732772657 0.00067738837751257785 -0.0078773120755324926 0.33897621481842816
decision_type=2 2 2 2 2 2 2 2 2 2 2 2 2 2
left_child=1 3 9 -1 -3 6 8 -8 -6 10 12 -11 13 -2
right_child=2 4 -4 -5 5 -7 7 -9 -10 11 -12 -13 -14 -15
leaf_value=-0.01764946434652629 0.058907014151300105 -0.012819291746801771 0.0087627928375955087 -0.0051513031366881299 0.0007329015900748889 -0.0015393747897730031 -0.0011022727903615111 0.085166016396199834 0.065547099953154886 -0.0082200377505374251 0.01976379866767607 0.0031482055909844626 -0.0033513229190516715 0.0076791444733811422
leaf_weight=238.73586758226156 4.6498353555798522 54.009531952440739 557.47388228774071 109.36286918818951 26.699691124260429 115.22130820155144 2.7415198981761923 4.4597430899739265 2.5635935440659514 176.58685040473938 90.46049003303051 227.15588045865297 187.32906342297792 45.641792505979538
leaf_count=2593 30 468 2821 1017 221 983 22 32 18 1178 504 1402 1207 296
internal_value=0.00056975 -0.00896201 0.00467004 -0.0137575 -0.000804791 0.00350941 0.019158 0.055828 0.00848832 0.00154055 0.00568382 -0.00182459 0.000250743 0.0135302
internal_weight=1843.09 553.794 1289.3 348.099 205.695 151.686 36.4645 7.20126 29.2633 731.824 328.081 403.743 237.621 50.2916
internal_count=12792 5354 7438 3610 1744 1276 293 54 239 4617 2037 2580 1533 326
is_linear=0
shrinkage=0.03


Tree=39
num_leaves=15
num_cat=0
split_feature=20 10 19 27 36 31 18 14 15 9 25 30 21 34
split_gain=76.5903 18.0126 15.2096 10.8419 11.8161 11.1164 12.564 10.8856 12.3114 11.3013 10.2976 10.9666 9.94172 10.1297
threshold=0.0012425793701746092 0.0007509300814853878 0.00049075111821813959 -0.002200452367864036 3.1324341181199844 -0.029590056090586733 0.0035270188554444863 0.63082904058219158 2.8149443440815531 0.00044975490143981447 0.6346428649523651 0.011972232246035849 0.0018145543437959601 0.47866799520283498
decision_type=2 2 2 2 2 2 2 2 2 2 2 2 2 2
left_child=2 -2 -1 4 10 6 -5 8 -7 -9 11 -3 13 -11
right_child=1 3 -4 5 -6 7 -8 9 -10 12 -12 -13 -14 -15
leaf_value=-0.021591269261294753 -0.0011402146352276897 -0.024291575368373515 -0.0080816243576566707 0.046732584813139806 0.024078118239374301 0.0056785852028123319 0.0017519748590434832 0.045728579384011342 0.043225377513343578 -0.0032766892235014536 0.0015107752137297561 0.009976479663020791 0.0040356956257752395 0.020856183071639341
leaf_weight=96.178228802978992 528.78118108958006 33.519295409321785 348.41175193339586 12.436892151832582 13.547365590929983 17.224425151944164 9.9519581198692304 5.3697235733270636 14.38521398603916 20.05851548910141 88.29951100051403 10.347655802965162 584.473492577672 63.667513966560364
leaf_count=1172 3786 189 3252 60 66 90 48 29 74 113 478 54 3047 349
internal_value=-0.00021583 0.00322383 -0.0110528 0.00586802 -0.00157541 0.00736299 0.0277965 0.00667155 0.0236593 0.005836 -0.00438854 -0.0160991 0.00544308 0.0150687
internal_weight=1846.65 1402.06 444.59 873.282 145.714 727.568 22.3889 705.179 31.6096 673.569 132.166 43.867 668.2 83.726
internal_count=12807 8383 4424 4597 787 3810 108 3702 164 3538 721 243 3509 462
is_linear=0
shrinkage=0.03


Tree=40
num_leaves=15
num_cat=0
split_feature=10 9 19 35 30 34 19 31 20 24 36 35 20 34
split_gain=65.4822 13.4403 12.5997 10.6125 9.75097 8.96337 13.4182 10.0118 9.08014 8.93804 8.6124 9.95225 24.136 27.6804
threshold=0.00045316483587576898 0.0007914056256587528 0.00049075111821813959 0.61237683354033134 0.0061496477342883049 0.70062739256035778 0.0011360030403085944 -0.0061488940694195407 0.0026960152425276628 0.82063768916829671 0.37730847373443582 0.47999266312563282 0.0011492785370835494 0.75618010027381788
decision_type=2 2 2 2 2 2 2 2 2 2 2 2 2 2
left_child=2 3 -1 5 9 8 7 -7 -2 -3 -4 12 -12 -14
right_child=1 4 10 -5 -6 6 -8 -9 -10 -11 11 -13 13 -15
leaf_value=-0.019550327152108495 0.00012509868653016139 0.006051016522447778 -0.015772655426368656 0.003710531674436769 0.0059675710501262916 -0.023035569490401728 -0.019929911582499255 0.0042598648659066879 0.039797947303641945 0.029929889431320036 -0.0061332120863723935 -0.0072082227078122734 0.065916251361579095 -0.014688028888942519
leaf_weight=91.273223325610161 168.13549452275038 27.190499514341354 78.631926186382771 595.97047625482082 422.74992607533932 13.839762292802332 56.438279122114182 64.20507725328207 4.3633517175912848 30.747418165206909 35.984802067279816 228.69975663721561 9.7356683462858182 5.3984431177377692
leaf_count=1143 1189 134 787 3667 2076 105 366 459 24 146 365 2162 83 47
internal_value=0.000306122 0.00354056 -0.00962422 0.00137603 0.00758901 -0.00314372 -0.00892227 -0.000772695 0.00136951 0.0190671 -0.00704101 -0.00452922 0.00730711 0.0378499
internal_weight=1833.36 1383.64 449.724 902.952 480.688 306.982 134.483 78.0448 172.499 57.9379 358.451 279.819 51.1189 15.1341
internal_count=12753 8166 4587 5810 2356 2143 930 564 1213 280 3444 2657 495 130
is_linear=0
shrinkage=0.03


Tree=41
num_leaves=15
num_cat=0
split_feature=20 10 28 28 17 35 32 28 32 7 30 30 12 29
split_gain=76.487 21.9895 12.6436 11.7793 10.865 11.2796 14.6011 10.1745 10.1493 9.89186 9.32817 12.8531 18.5213 10.9112
threshold=0.0010934664630087444 0.00081577842632385444 0.0019191705667773176 0.0022925633735590982 0.00041061607622794322 1.0394678790580558 0.0039544048897908182 0.008431848468811844 0.0068758774320693055 0.0004850492987374389 0.0080599287368315706 0.0077654932122338356 0.00079450676961034306 0.0086661573293181204
decision_type=2 2 2 2 2 2 2 2 2 2 2 2 2 2
left_child=2 3 4 8 -1 -6 -7 10 -2 -9 11 -5 -13 -12
right_child=1 -3 -4 7 5 6 -8 9 -10 -11 13 12 -14 -15
leaf_value=-0.023279408198172199 -0.0075455826316150687 0.0063171821779660128 -0.0054050839718870584 0.0086551545918583227 -0.012933868369171516 -0.019498229942783111 0.051367219261561917 0.0095607485258370883 0.0031821986908369764 -0.0084693305385532321 -0.0081593024885059113 -0.012720715439524407 0.070047152565569329 0.030449804660282628
leaf_weight=124.94032565504313 278.16771424561739 777.71953156590462 120.05021832883358 142.55955805629492 70.433041676878929 3.8390398696064931 4.9869078174233437 37.24657341837883 109.7865391895175 95.101621873676777 49.433883905410767 3.1690312549471837 6.2694742530584335 6.5695437639951697
leaf_count=1512 2220 3994 1118 966 765 46 49 257 764 620 332 22 39 42
internal_value=-3.38656e-05 0.00281204 -0.0132293 -0.000930339 -0.0177659 -0.00885543 0.0213901 0.00313297 -0.00450166 -0.00333901 0.00726162 0.0111028 0.0434136 -0.00312287
internal_weight=1830.27 1506.02 324.25 728.304 204.199 79.259 8.82595 340.35 387.954 132.348 208.001 151.998 9.43851 56.0034
internal_count=12746 9256 3490 5262 2372 860 95 2278 2984 877 1401 1027 61 374
is_linear=0
shrinkage=0.03


Tree=42
num_leaves=15
num_cat=0
split_feature=22 19 28 31 28 12 31 21 31 0 31 22 22 22
split_gain=56.0117 18.3969 11.7757 11.2556 19.141 11.0996 14.6989 11.1104 12.1225 10.8668 15.6694 10.697 10.7611 13.6642
threshold=0.0015309225450715485 0.00049075111821813959 0.0039701177859921008 -0.027784640957068781 -0.0031154456742924492 0.00082844200728057879 0.017281377594412454 0.0027535418124615689 -0.0026767581448421392 1.0000000180025095e-35 -0.0074386181275752907 0.0026958077106048885 0.0033110280577722446 0.0040171737062645258
decision_type=2 2 2 2 2 2 2 2 2 2 2 2 2 2
left_child=1 2 -1 -2 9 7 -7 -3 -9 10 11 -5 -13 -14
right_child=3 5 -4 4 -6 6 -8 8 -10 -11 -12 12 13 -15
leaf_value=-0.022240696541527338 0.01910215816150385 -0.0090597479482569295 0.010453650609997447 0.024177805951994959 0.0063204680790534193 0.0026927811467365166 -0.022681531131328838 -0.015269451042136553 0.014220532281817803 -0.009762874832020622 -0.0078102925699083886 -0.027853050962714853 0.040605728916477284 -0.013366405074727887
leaf_weight=82.160797536373138 45.624038681387901 376.63345800340176 10.530672453343866 35.095232225954533 753.061557918787 245.25367599725723 21.411157451570034 17.19087640941143 39.368580065667629 119.73492689430714 58.685691870748997 8.104547858238222 7.1287276893854123 7.9098911136388779
leaf_count=1079 225 3505 107 221 4172 1695 135 138 287 708 351 47 36 39
internal_value=7.47219e-05 -0.00592174 -0.0184223 0.00466915 0.00398219 -0.00423792 0.000567082 -0.00719718 0.00509557 -0.00344102 0.00303527 0.0139621 -0.00176488 0.0129674
internal_weight=1827.89 792.549 92.6915 1035.34 989.721 699.858 266.665 433.193 56.5595 236.659 116.924 58.2384 23.1432 15.0386
internal_count=12745 6946 1186 5799 5574 5760 1830 3930 425 1402 694 343 122 75
is_linear=0
shrinkage=0.03


Tree=43
num_leaves=15
num_cat=0
split_feature=10 10 36 0 25 21 30 11 10 11 19 26 32 24
split_gain=64.6178 30.6245 11.3472 9.48989 8.78397 11.9703 13.6354 11.3283 9.53139 9.2249 13.2739 9.58462 8.61036 17.1471
threshold=0.00082146561650471301 0.0002938198518787035 0.71310723412344512 1.0000000180025095e-35 0.7005719392531039 0.0021423035463120081 0.0059136642750332548 0.00059651146406058963 0.00069597358410189143 0.0012605609688005062 0.0013162211728011202 0.39431486527811993 0.0068758774320693055 0.72609672446553819
decision_type=2 2 2 2 2 2 2 2 2 2 2 2 2 2
left_child=1 -1 3 -3 5 6 -4 -8 9 -7 -11 -12 -6 -14
right_child=-2 2 4 -5 12 8 7 -9 -10 10 11 -13 13 -15
leaf_value=-0.016119822158602921 0.0069337513887092854 -0.0012379961114005922 -0.017557404175244078 -0.0098482958513374311 0.0018458457238987867 0.0017365598437225432 0.02897360518392918 -0.0037281111100925029 -0.0062706529590595157 0.041972550741649489 0.028544991043450325 -0.017273725628042483 0.040519984093772145 0.0045733992313517977
leaf_weight=170.01280830800533 771.20264925062656 236.71072009205818 67.096192255616188 225.7314787581563 110.58020826429129 36.108084209263325 10.070451542735098 67.481332466006279 38.49616177380085 16.16199912130833 6.2803160995244971 8.4103584736585599 16.966555900871754 37.231062218546867
leaf_count=2106 3933 1870 549 1811 833 264 73 468 228 111 39 54 103 230
internal_value=0.000347008 -0.00450224 -0.00223171 -0.00545959 0.00136345 -0.00216952 -0.00775945 0.000794952 0.00547049 0.0122576 0.0240356 0.00269361 0.00672473 0.016411
internal_weight=1818.54 1047.34 877.325 462.442 414.883 250.105 144.648 77.5518 105.457 66.9608 30.8527 14.6907 164.778 54.1976
internal_count=12672 8739 6633 3681 2952 1786 1090 541 696 468 204 93 1166 333
is_linear=0
shrinkage=0.03


Tree=44
num_leaves=15
num_cat=0
split_feature=10 28 9 17 31 28 11 28 28 32 30 35 31 32
split_gain=55.7085 15.7263 14.1092 11.4353 10.0904 10.1918 9.03856 8.95342 16.0384 12.8301 10.467 10.0891 9.54071 11.8153
threshold=0.00048902540548470986 0.0019191705667773176 0.0007914056256587528 0.0008880549904630165 -0.034748458774714712 -0.013737768840503371 0.00055819672216483884 0.0024640867797892656 0.008431848468811844 0.014291650329919461 0.0076692631198051068 1.6144527803877835 -0.029590056090586733 0.0098773706328232225
decision_type=2 2 2 2 2 2 2 2 2 2 2 2 2 2
left_child=1 3 7 -1 -4 -6 -3 12 9 11 -10 -9 13 -2
right_child=2 6 4 -5 5 -7 -8 8 10 -11 -12 -13 -14 -15
leaf_value=-0.015420809428126221 0.033862511882056169 -0.012573703255522232 0.031033399465719601 0.00071338184816725368 -0.0095858380941944901 0.0076105344505623083 0.001834244387353293 0.010695579260163365 0.0053369670285308606 0.054266912481655522 -0.0082603994219306726 -0.009643654698865774 -0.0032713070337718011 -0.015446392859997431
leaf_weight=254.94814575463533 12.532455906271936 52.483396515250206 14.618518263101576 46.240596018731594 32.405547708272934 434.75632677972317 145.05300943553448 185.85768528282642 91.634366355836391 4.6913468688726416 112.01238702982664 23.930917382240295 405.64564403146505 5.6573054939508429
leaf_count=2913 71 526 64 437 158 2114 1229 1134 539 23 665 138 2700 31
internal_value=-9.76242e-05 -0.00863438 0.00312046 -0.0129397 0.00720993 0.00639334 -0.00202274 0.000771074 0.00388388 0.00959244 -0.00213119 0.00832647 -0.00229466 0.0183646
internal_weight=1822.47 498.725 1323.74 301.189 481.78 467.162 197.536 841.962 418.127 214.48 203.647 209.789 423.835 18.1898
internal_count=12742 5105 7637 3350 2336 2272 1755 5301 2499 1295 1204 1272 2802 102
is_linear=0
shrinkage=0.03


Tree=45
num_leaves=15
num_cat=0
split_feature=20 22 27 25 20 3 21 22 23 36 24 27 17 35
split_gain=65.9109 17.8568 14.2502 11.5975 10.8399 13.7453 15.944 16.5563 14.837 11.3298 11.1952 9.77293 9.7397 9.34316
threshold=0.0010934664630087444 0.00083472100491110491 -0.0024718268665421812 3.2504986993324754 0.0023807503759791771 1.0000000180025095e-35 0.0040756977732772657 0.0011743548570211499 0.00082358952941250136 0.35052248441244083 0.69706059618832228 -0.011806136356476314 0.0007348803320035292 0.56655603645488173
decision_type=2 2 2 2 2 2 2 2 2 2 2 2 2 2
left_child=-1 -2 3 11 5 6 7 8 12 -8 -11 -3 13 -4
right_child=1 2 4 -5 -6 -7 9 -9 -10 10 -12 -13 -14 -15
leaf_value=-0.012280320742647101 -0.0093465504974487388 0.022106544084913329 0.031415252248680525 0.039951974539923593 0.0083189605872105426 -0.0011455922000511718 -0.024553844688981821 -0.0010110659388144912 0.051509212604270833 -0.0024465938070177026 0.026609653033186381 -0.0068442475326172727 -0.028095809326919373 0.003138222624350066
leaf_weight=311.40348664671183 99.786136612296104 10.151167064905165 16.970306918025017 4.2752621173858634 497.14292694628239 402.13955838233232 4.3052890300750724 189.1676938533783 8.6429425850510579 14.243454821407793 63.058088637888432 175.58468655496836 4.3983254954218856 26.621321283280849
leaf_count=3460 847 49 135 22 2471 2713 27 1252 66 75 348 1056 36 199
internal_value=0.000266526 0.00285133 0.0037186 -0.00390196 0.00490367 0.00256404 0.00711916 0.00325762 0.0173383 0.0185336 0.0212546 -0.005136 0.0101971 0.0146714
internal_weight=1827.89 1516.49 1416.7 190.011 1226.69 729.547 327.407 245.801 56.6329 81.6068 77.3015 185.736 47.99 43.5916
internal_count=12756 9296 8449 1127 7322 4851 2138 1688 436 450 423 1105 370 334
is_linear=0
shrinkage=0.03


Tree=46
num_leaves=15
num_cat=0
split_feature=10 20 19 27 18 30 18 31 21 15 10 9 28 19
split_gain=58.6462 13.0203 11.999 9.58209 13.2588 18.226 24.6668 14.5152 18.7878 11.6274 9.10463 8.78317 8.50102 19.2397
threshold=0.00045316483587576898 0.0023807503759791771 0.00049075111821813959 -0.0024121081571936705 0.0050878046626198223 0.0078278249903283581 0.006990150263334439 -0.0033869354455626217 0.002284413067165592 1.8585110501550612 0.0017605177792726085 0.0017956512148462177 0.0026409875361531614 0.0013236497688116505
decision_type=2 2 2 2 2 2 2 2 2 2 2 2 2 2
left_child=2 12 -1 -3 7 6 -6 8 9 -5 -8 -12 -2 -14
right_child=1 3 -4 4 5 -7 10 -9 -10 -11 11 -13 13 -15
leaf_value=-0.019692691873978308 -0.002383261101916482 -0.0018917315867899268 -0.0070667336983003997 0.022773932329253382 -0.012674401880608668 -0.0057873759347062247 0.048309864374428794 0.0076818592874323514 0.013404519729081575 0.06851870902779722 -0.001020111034290622 0.040979428777019489 0.0082817003549907255 -0.0067198440465469156
leaf_weight=84.819874443113804 418.53838211297989 102.75481393188238 342.93531581759453 12.624392479658129 16.918906852602959 110.13526701927185 14.477511927485464 247.63293036818504 66.834099486470222 9.9004094153642637 11.353781029582025 6.2147502452135077 259.72762362658978 108.08169811964035
leaf_count=1150 2872 537 3411 64 84 531 68 1244 334 49 53 29 1615 640
internal_value=7.74409e-05 0.00307821 -0.00961743 0.00640765 0.00813308 0.000964881 0.0160244 0.0114956 0.021829 0.0450658 0.031192 0.0150822 0.000533927 0.00385906
internal_weight=1812.95 1385.19 427.755 598.847 496.092 159.1 48.965 336.992 89.3589 22.5248 32.046 17.5685 786.348 367.809
internal_count=12681 8120 4561 2993 2456 765 234 1691 447 113 150 82 5127 2255
is_linear=0
shrinkage=0.03


Tree=47
num_leaves=15
num_cat=0
split_feature=20 28 20 27 36 30 36 15 24 18 31 19 24 18
split_gain=45.1182 18.5803 16.1413 11.3797 11.2335 10.3613 14.2833 14.1116 12.2332 10.1236 14.9712 15.4637 17.1678 15.1208
threshold=0.0016219997520680173 0.0019191705667773176 0.00078733113464726507 -0.002200452367864036 3.1324341181199844 0.0051626188576597539 0.66866441401537025 1.2093730620297849 0.86182150247141098 0.0049647417568830518 -0.017718517586688017 0.0017693260682153399 0.99991251093612799 0.0039563717846566324
decision_type=2 2 2 2 2 2 2 2 2 2 2 2 2 2
left_child=1 2 -1 4 -2 6 -5 -8 -9 10 11 12 -7 -12
right_child=3 -3 -4 5 -6 9 7 8 -10 -11 13 -13 -14 -15
leaf_value=-0.021573860134293642 -0.0054942619359799171 -0.0001922679721843988 -0.0068478914028062424 0.060908427004496231 0.019817976709918597 -0.0036009723356338597 -0.014571443702213631 0.0044755157681942142 0.032444557750568259 -0.001809226306291674 0.0027638776215393838 0.038196373223818372 0.050746040609102566 0.016909170501063654
leaf_weight=84.446908712387085 160.99412792921066 309.65798167139292 325.39120538532734 4.9380437880754462 16.465325109660625 27.172819629311562 13.713693544268606 29.121247604489326 27.485003091394901 189.71961095929146 523.88753782957792 24.439249664545059 5.4259241372346869 77.461096554994583
leaf_count=1197 929 2483 2989 26 83 160 79 159 143 939 2989 117 32 407
internal_value=8.39099e-05 -0.00575193 -0.0099346 0.00390268 -0.003031 0.00524034 0.0158576 0.0118423 0.0184354 0.0042771 0.00603556 0.0206128 0.00659669 0.00461599
internal_weight=1820.32 719.496 409.838 1100.82 177.459 923.364 75.258 70.3199 56.6063 848.106 658.387 57.038 32.5987 601.349
internal_count=12732 6669 4186 6063 1012 5051 407 381 302 4644 3705 309 192 3396
is_linear=0
shrinkage=0.03


Tree=48
num_leaves=15
num_cat=0
split_feature=10 10 22 27 35 26 28 23 32 24 30 16 18 15
split_gain=48.2316 20.0765 11.4235 10.751 12.3523 12.3253 9.93837 8.75188 8.6144 8.33973 9.6487 8.07349 8.59592 7.37837
threshold=0.00048142724149043804 0.00019600867837873956 0.00078455281736658229 -0.0021008423286769102 3.1508247608594906 2.3407063697059818 0.0019191705667773176 0.00087526563895995761 0.0070928484419687443 0.41416843965127531 0.0046361629190311907 1.1658201120913094 0.00055644409586053112 1.7251029745150948
decision_type=2 2 2 2 2 2 2 2 2 2 2 2 2 2
left_child=1 -1 -2 4 5 -4 7 -3 -9 10 11 -8 -13 -6
right_child=2 6 3 -5 13 -7 9 8 -10 -11 -12 12 -14 -15
leaf_value=-0.023485079924524886 -0.016838517064658168 -0.01242632931664123 -0.0072016824633140027 0.0044709440693379583 -0.002853938033730598 0.024751706055841208 -0.013280497630239479 -0.0021268151281396831 0.040297042066705327 -0.0033648442765618234 0 0.069833280723330393 0.012805942142658585 0.035740710170389517
leaf_weight=65.699523732066154 24.806911110877991 192.19349010288715 177.03327741473913 1111.7505286261439 6.9514107853174236 10.566192500293253 2.1901627108454731 40.558974735438824 3.8000188544392577 140.78594686090946 19.778008304536343 4.7418986856937391 5.2733806893229485 10.199329093098639
leaf_count=922 189 2157 1057 6343 35 56 20 395 31 1233 171 41 45 50
internal_value=8.48676e-06 -0.00819458 0.00291976 0.00330684 -0.00299041 -0.00526436 -0.00568176 -0.00966375 0.00224957 -0.000188202 0.013382 0.0332397 0.0439673 0.0206371
internal_weight=1816.33 475.021 1341.31 1316.5 204.75 187.599 409.322 236.552 44.359 172.769 31.9835 12.2054 10.0153 17.1507
internal_count=12745 5015 7730 7541 1198 1113 4093 2583 426 1510 277 106 86 85
is_linear=0
shrinkage=0.03


Tree=49
num_leaves=15
num_cat=0
split_feature=10 12 9 10 29 15 15 18 20 19 22 18 29 30
split_gain=46.5267 17.2425 8.69579 9.76861 8.4341 10.2761 8.76431 8.36399 7.8225 9.53375 8.65585 10.7846 9.79365 7.4779
threshold=0.00029648155538763597 0.00091588343102111662 0.00026191650891789091 0.00034031331396970702 0.0044679779735177011 1.8585110501550612 2.9789211087868552 -0.00080136887163279036 0.0011344944667513776 0.00084843523544434146 0.0015309225450715485 0.00028207686278342031 0.0073204777615676611 0.0045770797462631766
decision_type=2 2 2 2 2 2 2 2 2 2 2 2 2 2
left_child=7 2 3 4 5 -2 -7 -1 -4 -10 13 -12 -13 -11
right_child=1 -3 8 -5 -6 6 -8 -9 9 10 11 12 -14 -15
leaf_value=0.029164534605741699 0.061179188440552021 0.0037539434596790319 -0.0099895201040327911 -0.0089276324310511301 -0.015891660805695457 -0.016079696494911349 0.042916503547267879 -0.016223043591150649 0.0077729176202535003 -0.025787440608951859 0.021668141217178083 -0.0044642885080867474 0.019430527458570112 -0.0059264045401570134
leaf_weight=2.8099346905946723 6.5693604275584274 1065.5927670821548 126.92003501206636 10.001073144376276 2.7134544774889937 4.4364769756793976 2.9084176123142242 160.58092528581619 79.652027234435081 18.282274127006531 19.732499673962593 123.58581384271383 16.605645656585693 171.42753271758556
leaf_count=27 64 5943 1220 97 27 45 28 2127 640 146 126 790 99 1314
internal_value=-3.03672e-05 0.00148486 -0.00265788 0.0137603 0.0273089 0.0364353 0.00926539 -0.0152516 -0.00347258 -0.0015201 -0.00366189 0.00146115 -0.00149513 -0.00798132
internal_weight=1811.82 1648.43 582.835 26.6288 16.6277 13.9143 7.34489 163.391 556.206 429.286 349.634 159.924 140.191 189.71
internal_count=12693 10539 4596 261 164 137 73 2154 4335 3115 2475 1015 889 1460
is_linear=0
shrinkage=0.03


Tree=50
num_leaves=15
num_cat=0
split_feature=10 28 11 10 24 22 18 29 29 31 28 4 27 35
split_gain=49.3627 13.3694 11.3853 11.3178 10.5999 10.3619 22.5132 11.6663 15.8603 9.89941 13.9509 18.8934 11.1203 23.3349
threshold=0.00045316483587576898 0.0019191705667773176 0.00072403431245571259 0.00031206895132306913 0.33469695963887242 0.00050583653829322853 0.00098852564309265278 0.0034582026491941698 0.002292220169033066 -0.026296380117795667 -0.0031154456742924492 3.5000000000000004 0.0019802401982255695 0.77165183920070513
decision_type=2 2 2 2 2 2 2 2 2 2 2 2 2 2
left_child=1 -1 4 5 -3 6 -4 8 -7 12 11 -11 13 -2
right_child=9 2 3 -5 -6 7 -8 -9 -10 10 -12 -13 -14 -15
leaf_value=-0.01375844134350781 0.059108430058914044 0.0085427434785229055 -0.011401614757403811 -0.0016474061532479637 -0.017726829519654579 -0.012127505564510482 0.11158306281142555 -0.020364398327887719 0.054524179632368323 0.0037171917757082918 0.003565851389382885 -0.010713576076495989 0.00039212410906638254 0.0068325351555787832
leaf_weight=247.92033690959215 11.122529596090315 17.28556639701128 1.9948331341147447 74.679262980818748 57.234006643295288 4.8508370593190211 2.0949996262788773 6.142809033393859 6.7753011658787727 160.83029486984015 1023.1328980773687 163.63958809524775 29.823513962328434 22.278734877705574
leaf_count=2991 55 169 21 615 596 50 20 61 64 995 5875 1032 151 113
internal_value=-0.000285957 -0.00931667 -0.00281905 0.00394775 -0.0115612 0.0224304 0.0605528 0.0107372 0.0277192 0.0023985 0.00184604 -0.003562 0.0139149 0.0255397
internal_weight=1829.81 418.978 171.058 96.538 74.5196 21.8588 4.08983 17.7689 11.6261 1410.83 1347.6 324.47 63.2248 33.4013
internal_count=12808 4587 1596 831 765 216 41 175 114 8221 7902 2027 319 168
is_linear=0
shrinkage=0.03


Tree=51
num_leaves=15
num_cat=0
split_feature=20 19 36 34 15 22 9 30 30 8 17 9 9 9
split_gain=41.7895 17.8833 9.83682 10.4034 13.3293 9.66543 10.5029 9.14074 9.11041 8.90453 9.40119 14.166 16.8209 14.4055
threshold=0.00098422267015883997 0.0015553913735907826 0.76302292052761056 0.56945840815357807 2.8672503116714285 0.0037863270746010774 0.0010631601261203983 0.0046656814444227352 0.0045770797462631766 0.00040196944681369923 0.00043335397761345989 0.000266427988353821 0.00047133019301909013 0.00024712920049427571
decision_type=2 2 2 2 2 2 2 2 2 2 2 2 2 2
left_child=-1 5 -3 4 -4 7 -7 8 9 -2 11 13 -13 -11
right_child=1 2 3 -5 -6 6 -8 -9 -10 10 -12 12 -14 -15
leaf_value=-0.011900888569509485 -0.014240164840380693 0.013900319732674105 -0.0059636463049972926 0.0072826441247454601 0.014868711557639634 0.025821614338405293 -0.014410895231092444 -0.0021708998070016183 0.0303443643501317 0.0043425529524432705 0.00027646667426639435 -0.0083477848555053927 0.034003799145216472 0.10981098287829534
leaf_weight=215.63291493058205 19.666025966405869 117.1479994058609 136.69060955941677 339.89622006565332 33.558484636247158 22.700409919023517 6.9227138459682456 802.78055890649557 11.901257842779158 2.1851672455668441 63.197287052869797 17.361539795994759 14.735683687031267 1.9218098148703573
leaf_count=2692 175 607 714 1674 170 116 33 5653 82 24 467 151 89 18
internal_value=0.000459136 0.00214299 0.00608095 0.00425579 -0.00177693 -0.000421728 0.016158 -0.000967652 0.00634555 0.00368904 0.00737262 0.0193385 0.0114449 0.066121
internal_weight=1806.3 1590.67 627.293 510.145 170.249 963.372 29.6231 933.749 130.969 119.068 99.4015 36.2042 32.0972 4.10698
internal_count=12665 9973 3165 2558 884 6808 149 6659 1006 924 749 282 240 42
is_linear=0
shrinkage=0.03


Tree=52
num_leaves=15
num_cat=0
split_feature=20 30 12 17 28 28 31 27 31 3 25 14 9 29
split_gain=46.8454 11.5791 11.1419 10.06 9.93227 9.69914 14.2263 11.6202 12.2685 10.5763 12.0081 10.0537 9.99723 9.95472
threshold=0.0010934664630087444 0.0024529907565682845 0.0014278865584635562 0.0027401737898442584 -0.00041513000211118584 0.0013641870067365727 0.014376173068167243 0.0087393467411773802 0.0097587718038041355 1.0000000180025095e-35 1.6061326039433246 0.71602469135797631 0.00063956844854272464 0.0074729186645928923
decision_type=2 2 2 2 2 2 2 2 2 2 2 2 2 2
left_child=1 -1 3 5 -3 9 7 8 13 10 -2 -10 -13 -7
right_child=2 4 -4 -5 -6 6 -8 -9 11 -11 -12 12 -14 -15
leaf_value=-0.026728247907270779 0.00035227883558702544 -0.015710404887181222 0.00533147548176993 -0.014307373885650183 -0.0037516125084941184 0.00086589272981980436 -0.0066541987843527044 0.032618778375847354 0.042486599934066671 -0.0066991087063993648 0.026387483051899047 0.0045737203516020919 0.035236930556325166 0.021238943969361403
leaf_weight=35.176283471286297 144.18412183225155 103.16615778580308 622.79118423163891 40.545789137482643 160.7411615550518 263.27405163645744 92.888034254312515 13.7164084687829 10.57146981358528 233.86828783899546 16.966505616903305 45.669573463499546 11.359622433781622 22.567332275211811
leaf_count=498 1076 1291 3171 216 1733 1741 560 71 66 1728 115 304 60 136
internal_value=0.000112288 -0.0107177 0.00225313 0.000105595 -0.0084795 0.000808453 0.00376808 0.00642389 0.0053097 -0.00263162 0.00325769 0.0167141 0.0112352 0.00255325
internal_weight=1817.49 299.084 1518.4 895.611 263.907 855.065 460.046 367.158 353.442 395.019 161.151 67.6007 57.0292 285.841
internal_count=12766 3522 9244 6073 3024 5857 2938 2378 2307 2919 1191 430 364 1877
is_linear=0
shrinkage=0.03


Tree=53
num_leaves=15
num_cat=0
split_feature=20 22 18 22 20 27 20 28 22 34 28 18 33 23
split_gain=44.3543 10.4457 10.7335 11.1172 10.3216 12.8272 9.7537 11.255 9.64794 10.5319 8.69578 9.76239 8.56594 10.1473
threshold=0.0012425793701746092 0.0042572222824096145 0.0049647417568830518 0.0013982466081602157 0.0012550090522511473 0.001796108398726959 0.00075032373799577875 0.0066734054676321217 0.0024602074430115617 0.35660231625850441 -0.0019433972237414829 0.0074357714736738032 0.0056032495793391273 -0.00079283923267820758
decision_type=2 2 2 2 2 2 2 2 2 2 2 2 2 2
left_child=6 2 3 4 5 -2 7 -1 9 -4 -11 -12 13 -5
right_child=1 -3 8 12 -6 -7 -8 -9 -10 10 11 -13 -14 -15
leaf_value=-0.018768418869316024 0.052815383301208864 0.0092544987053014179 0.029409348994397837 0.018579978968560052 -0.0029558040766972239 -0.017579300897763061 -0.0061059633961420209 0.037377887828090393 -0.010774580966657694 -0.022005311271318006 -0.002524862217091306 0.040164054252822545 0.010498884899978824 0.0018020148505245471
leaf_weight=95.550486426800489 5.5222456753253919 177.26101297140121 11.192045427858828 33.601499870419502 319.34749088436365 2.9234729930758476 308.57474620267749 2.3867732957005492 108.49807623028755 12.601310119032858 19.755158141255382 5.2905974239110938 169.19846815615892 542.5084860548377
leaf_count=1394 48 839 62 184 2307 25 3009 25 540 69 104 26 867 3227
internal_value=-5.64738e-05 0.00246344 0.00147594 0.00255173 -0.00204196 0.0288494 -0.00877462 -0.0170058 -0.00581218 0.00514678 -0.00256291 0.00757329 0.00457612 0.00281628
internal_weight=1814.21 1407.7 1230.44 1073.1 327.793 8.44572 406.512 97.9373 157.337 48.8391 37.6471 25.0458 745.308 576.11
internal_count=12726 8298 7459 6658 2380 73 4428 1419 801 261 199 130 4278 3411
is_linear=0
shrinkage=0.03


Tree=54
num_leaves=15
num_cat=0
split_feature=20 32 29 14 8 32 21 7 35 17 35 35 31 32
split_gain=41.1432 17.3373 9.80348 10.1083 9.39824 9.12358 8.53604 11.7781 8.3641 13.6391 8.80088 9.26984 12.6135 12.7164
threshold=0.0012688142914364868 0.0039544048897908182 0.0041176791774036872 0.79027062101629941 0.0028317753260316274 0.0046224033562881446 0.0010177815771261758 0.00072767510037508043 3.2566870073610263 0.001910728504219972 2.0134280984957607 0.61237683354033134 -0.027784640957068781 0.0034144723706813775
decision_type=2 2 2 2 2 2 2 2 2 2 2 2 2 2
left_child=1 -1 3 -3 8 -4 -5 -8 10 -10 11 12 -2 -14
right_child=4 2 5 6 -6 -7 7 -9 9 -11 -12 -13 13 -15
leaf_value=-0.0125884076726882 0.032853861380562788 -0.0097270317838481276 0.003319437407362126 0.029580414647321768 0.0065039969190066275 -0.021675884718491283 -0.001520759851443416 0.034994320796112921 0.018844847618807083 -0.015728315854790471 -0.0085071078146807914 0.0032932189554001718 0.018463133848036963 -0.0059440354226531281
leaf_weight=287.59366596490145 7.4841338694095603 25.789271183311939 23.517041362822056 17.358337488025427 349.05471110343933 27.652015440165997 41.231445737183094 8.7899777516722661 47.49196695536375 12.11519919335842 94.598242752254009 579.35503392666578 19.647947818040848 272.67422363907099
leaf_count=3347 37 239 213 172 1694 255 391 69 252 60 539 3500 137 1860
internal_value=-0.000270068 -0.00834259 0.000124963 0.00592378 0.0022542 -0.0102872 0.0120126 0.00539714 0.000810881 0.0116248 0.000134602 0.00107647 -0.00319397 -0.00423597
internal_weight=1814.35 431.932 144.338 93.169 1382.42 51.1691 67.3798 50.0214 1033.37 59.6072 973.76 879.161 299.806 292.322
internal_count=12765 4686 1339 871 8079 468 632 460 6385 312 6073 5534 2034 1997
is_linear=0
shrinkage=0.03


Tree=55
num_leaves=15
num_cat=0
split_feature=20 10 28 24 15 30 20 9 28 17 30 19 17 27
split_gain=37.6922 15.0741 9.99654 15.1305 9.50241 13.8353 13.6292 13.3835 13.2044 12.4947 11.288 10.4017 10.115 10.037
threshold=0.00099140220230453939 0.00082146561650471301 0.0039701177859921008 0.4667303560043754 2.2209905182151526 0.0080893999747124138 0.0039142544834880133 0.00099020070190477573 0.0018161839132307957 0.0012246211586598446 0.011070576411744889 0.00115841104330407 -0.00092330021063735657 -0.0038331278842853585
decision_type=2 2 2 2 2 2 2 2 2 2 2 2 2 2
left_child=2 -2 -1 -4 5 8 7 10 11 -10 -7 -3 -6 -14
right_child=1 4 3 -5 12 6 -8 -9 9 -11 -12 -13 13 -15
leaf_value=-0.014752140087822817 -0.0013883899250556153 0.024240211574947643 0.035044155409136024 -0.0083694545840512381 0.030518584878507993 -0.0086627023503587954 0.0074556033585434422 -0.021034347841275981 0.0056945788799725745 0.027489830599293576 0.0074128316157028385 -0.0067159899708335979 -0.010581164911735006 0.0086685915584491843
leaf_weight=178.86442265287042 802.99183824658394 10.734507292509077 8.5599750429391843 28.508090637624264 16.685987532138824 100.44136659801006 90.323175996541977 43.534877374768257 53.199419468641281 43.317590922117233 63.098171308636665 57.072319105267525 25.662126496434212 286.25885345041752
leaf_count=2420 6008 58 84 286 81 528 424 208 264 212 325 291 132 1426
internal_value=-9.16781e-05 0.00150307 -0.0118255 0.00223428 0.00444269 0.00165296 -0.00220009 -0.00644178 0.00861557 0.0156888 -0.00243472 -0.00149064 0.00833649 0.00704655
internal_weight=1809.25 1593.32 215.932 37.0681 790.328 461.721 297.398 207.074 164.324 96.517 163.54 67.8068 328.607 311.921
internal_count=12747 9957 2790 370 3949 2310 1485 1061 825 476 853 349 1639 1558
is_linear=0
shrinkage=0.03


Tree=56
num_leaves=15
num_cat=0
split_feature=20 31 28 24 15 25 30 28 24 31 31 9 23 11
split_gain=42.5935 10.5129 10.9536 13.5241 11.0164 14.9629 10.3968 9.96368 12.2836 9.71457 9.37714 9.50218 8.92996 8.92718
threshold=0.0010879568433653417 -0.029590056090586733 0.0024640867797892656 0.96706037355660457 1.4837153302567596 0.24809584269097931 0.0083510946385424376 0.0019191705667773176 0.50018261504749062 0.0066343636512086199 0.0097587718038041355 0.00040755118570401865 0.0053368073140603505 0.00075162621354107906
decision_type=2 2 2 2 2 2 2 2 2 2 2 2 2 2
left_child=7 -2 3 4 5 -3 9 -1 -9 13 11 -11 -5 -4
right_child=1 2 6 12 -6 -7 -8 8 -10 10 -12 -13 -14 -15
leaf_value=-0.015123362453341647 0.016630968473428823 0.035953312622822614 -0.0037851387827980499 -0.011165055202864517 0.0035159843940140117 -0.0075459253915278425 0.00012881353468404487 0.013945841641442152 -0.0091528084204828049 -0.027161893722047175 0.0067221038413438992 -0.00019805086585342223 0.034575497879581411 0.015045365167559235
leaf_weight=172.46350697800517 42.155992977321148 6.4462933316826811 25.755016788840294 126.57550009340048 407.64564649015665 159.34233850985765 345.01775397360325 26.421601511538029 83.512811616063118 14.186846993863581 188.34871420264244 53.257375329732895 2.9796306788921347 156.94593774527311
leaf_count=2339 204 47 185 885 2628 1087 1862 260 848 110 1063 295 14 926
internal_value=4.43026e-05 0.00202512 0.00159799 -0.00111679 0.000860985 -0.00563115 0.00403592 -0.0106369 -0.00349857 0.00709602 0.00328503 -0.00622769 -0.00983332 0.0123684
internal_weight=1811.05 1528.66 1486.5 702.989 573.434 165.789 783.512 282.398 109.934 438.494 255.793 67.4442 129.555 182.701
internal_count=12753 9306 9102 4661 3762 1134 4441 3447 1108 2579 1468 405 899 1111
is_linear=0
shrinkage=0.03


Tree=57
num_leaves=15
num_cat=0
split_feature=20 28 25 32 31 28 0 31 9 31 36 29 24 24
split_gain=31.8549 14.7447 14.8855 12.32 12.1851 9.3793 8.97809 8.81063 9.08126 9.70952 9.64796 8.65909 9.14549 13.0304
threshold=0.0012688142914364868 -0.0031906743802111444 0.32438523000229053 0.0039544048897908182 -0.027784640957068781 0.0019191705667773176 1.0000000180025095e-35 -0.017091318182381906 0.00092475587340401153 -0.022375129031561466 0.68768840993888125 0.0041176791774036872 0.94784308218185198 0.79299310317960192
decision_type=2 2 2 2 2 2 2 2 2 2 2 2 2 2
left_child=3 2 -2 5 -4 -1 7 8 9 -6 -11 12 13 -5
right_child=1 -3 4 11 6 -7 -8 -9 -10 10 -12 -13 -14 -15
leaf_value=-0.015051338357670526 0.016427768896280937 0.0043365584647365998 0.010724103143782485 0.0012751616292733402 -0.011351485497243956 -0.0037073696596159754 -0.011651561986178853 -0.0045412686475417583 -0.0252020623651769 -0.00747268571269929 0.046397265930614301 -0.0099019905579160201 -0.008867107724831607 0.028502290901221049
leaf_weight=168.49070918560028 32.478144213557243 1012.6604434475303 40.368637666106224 43.289432860910892 4.9966764971613928 109.69765254855156 154.03675957024097 119.91109138727188 3.3347157835960379 3.4624540880322465 11.758308768272398 49.327230058610439 27.428708970546722 24.250776268541813
leaf_count=2246 207 5787 197 404 32 1069 997 746 16 25 73 459 262 225
internal_value=0.000258784 0.00246327 -0.00264876 -0.00693933 -0.00453444 -0.0106181 -0.00664396 -0.00120308 0.0151632 0.0228365 0.0342527 0.000156652 0.00546115 0.0113682
internal_weight=1805.49 1383.01 370.347 422.485 337.869 278.188 297.5 143.463 23.5522 20.2174 15.2208 144.296 94.9689 67.5402
internal_count=12745 8080 2293 4665 2086 3315 1889 892 146 130 98 1350 891 629
is_linear=0
shrinkage=0.03


Tree=58
num_leaves=15
num_cat=0
split_feature=10 10 11 3 31 33 33 31 8 19 24 24 7 24
split_gain=32.2508 10.062 10.3502 10.043 11.933 11.0104 23.9683 9.53807 9.04349 11.5957 9.1738 8.98057 11.0583 10.6617
threshold=0.0002938198518787035 0.0010677262282410953 0.0016863916884751753 1.0000000180025095e-35 -0.018316741368115893 0.0009911339172396338 -0.0026841711213152681 -0.034748458774714712 0.0022413552144792685 0.0021833993900578223 0.94511581986935844 0.506775063981313 0.0010357855794443374 0.67099222047716756
decision_type=2 2 2 2 2 2 2 2 2 2 2 2 2 2
left_child=-1 3 -3 4 5 6 -2 -4 -9 11 -11 -10 -13 -14
right_child=1 2 7 -5 -6 -7 -8 8 9 10 -12 12 13 -15
leaf_value=-0.013397964729629801 -0.0078622808006252078 0.019166183216722161 0.026702236029877941 -0.002760021637375269 0.0017483842519623071 0.0013623452701987807 0.069980809087905882 -0.0049726034448232979 -0.0067497679132387575 0.0036532259758189326 -0.011597342907181077 -0.0015057911251130796 0.041492088778105327 0.013970189208401162
leaf_weight=148.08527538180351 5.445841707289218 39.88229875266552 14.326150640845297 671.23187677562237 456.45881013572216 12.592007443308828 8.0842774063348788 107.37915925681591 22.414857313036919 135.91242207586765 46.912586629390717 34.164037972688675 14.286185786128042 97.125757664442062
leaf_count=2139 37 188 61 4833 3234 77 47 516 106 637 222 164 67 455
internal_value=-2.80689e-05 0.00116571 0.00466005 -0.000386208 0.00290826 0.0222535 0.0400579 0.00339146 0.00259951 0.00493329 -0.000285525 0.0105988 0.0133183 0.0178637
internal_weight=1814.3 1666.22 512.403 1153.81 482.581 26.1221 13.5301 472.521 458.195 350.816 182.825 167.991 145.576 111.412
internal_count=12783 10644 2416 8228 3395 161 84 2228 2167 1651 859 792 686 522
is_linear=0
shrinkage=0.03


Tree=59
num_leaves=15
num_cat=0
split_feature=10 28 17 33 20 22 26 27 21 32 32 30 20 20
split_gain=25.4879 12.0672 10.9534 10.8715 10.2679 11.9704 12.7774 10.5666 15.9995 10.5882 10.3365 9.40826 9.32583 9.37604
threshold=0.00048142724149043804 0.0019191705667773176 0.00086308244217264695 0.00027038619401019128 0.0024667159500406954 0.0023455072880378554 0.73566515389978748 -0.0025955621944274694 0.0017254167598932948 0.0066827272199456887 0.028108165581181486 0.0079156679840784224 0.002541493997923317 0.0036044414245804388
decision_type=2 2 2 2 2 2 2 2 2 2 2 2 2 2
left_child=1 2 -1 -3 -2 7 10 -6 -9 -10 12 -11 -7 -14
right_child=4 3 -4 -5 5 6 -8 8 9 11 -12 -13 13 -15
leaf_value=-0.013367397476041241 -0.00028973552206504636 -0.011917650306828755 0.0028674561956895071 0.0039867012653880584 -0.004617054229904204 0.028985017494021895 0.0061879352957909953 0.036865924611622095 -0.028846361909564973 0.0013837524952382749 0.018113338308284328 0.018973020631168867 -0.017521208874086678 -0.0014123572341703547
leaf_weight=212.05723934620619 785.99906724691391 53.015785805881023 44.631359875202179 135.1119864359498 29.517754584550858 5.069430246949195 257.53730638325214 23.932011768221855 4.9888047575950614 45.435295537114143 14.909584879875181 70.005129724740982 61.33306622505188 69.312930375337601
leaf_count=2759 4965 511 451 1243 160 26 1224 121 26 226 68 349 309 327
internal_value=-8.32073e-05 -0.00631488 -0.0105328 -0.000518715 0.00194395 0.00496084 0.00213229 0.0115332 0.0148652 0.0102009 -0.00477731 0.0121473 -0.00742809 -0.00907325
internal_weight=1812.86 444.816 256.689 188.128 1368.04 582.041 408.162 173.879 144.361 120.429 150.625 115.44 135.715 130.646
internal_count=12765 4964 3210 1754 7801 2836 1954 882 722 601 730 575 662 636
is_linear=0
shrinkage=0.03


Tree=60
num_leaves=15
num_cat=0
split_feature=20 10 28 33 10 24 29 9 31 35 35 31 19 9
split_gain=27.7674 9.88714 10.1223 9.77505 10.2747 8.37501 9.13714 9.19331 9.44185 11.7891 15.8257 11.4459 10.5442 11.4711
threshold=0.0011757619023113194 0.00018940626651848128 -0.00041513000211118584 0.0030807492954266829 0.00039985922440129092 0.99885057471266048 0.0051594462166178684 0.00026409406356383999 0.005224890250885684 0.74871566364891318 0.47777998104674263 0.0032519123559624501 0.00064425031477656784 0.00022775884276066065
decision_type=2 2 2 2 2 2 2 2 2 2 2 2 2 2
left_child=1 -1 3 -3 -5 6 7 8 11 10 -10 12 -4 -14
right_child=-2 2 5 4 -6 -7 -8 -9 9 -11 -12 -13 13 -15
leaf_value=-0.019327319384862929 0.0019732325097379794 -0.014782979372297953 0.0031139287953893167 -0.0090469213105989193 0.057906770937886307 -0.016112594472916027 -0.017697773939202122 -0.00050816383404564554 0.0011980443363915733 0 0.096488680839976818 -0.027963024850621975 -0.0049896247960568461 0.071365609431575244
leaf_weight=53.071535188704729 1473.1328343078494 102.4544426240027 17.408731821924455 4.1919066347181788 2.5821046456694603 26.398240033537149 17.781757064163685 94.135738164186478 2.5137335918843728 4.3238638266921043 3.6107925064861774 5.6569295451045027 2.4053072780370703 4.1450579166412354
leaf_count=862 8781 1280 242 47 23 286 181 869 32 43 38 64 28 44
internal_value=0.000185666 -0.00751831 -0.00526942 -0.0124188 0.0202543 -0.000830042 0.0018928 0.00462247 0.0164693 0.0397382 0.0634567 0.00713236 0.0163272 0.0459831
internal_weight=1813.81 340.68 287.609 109.228 6.77401 178.38 151.982 134.2 40.0644 10.4484 6.12453 29.616 23.9591 6.55037
internal_count=12820 4039 3177 1350 70 1827 1541 1360 491 113 70 378 314 72
is_linear=0
shrinkage=0.03


Tree=61
num_leaves=15
num_cat=0
split_feature=10 10 17 24 9 19 32 29 35 18 30 21 24 27
split_gain=28.732 15.0837 8.51406 13.5716 8.52575 8.34293 13.0089 9.65254 8.29784 7.63972 9.11785 13.1002 9.41913 11.2061
threshold=0.0007509300814853878 0.00018940626651848128 0.00084260158672244689 0.64315152801361097 0.00052151895612953557 0.0016875860663282997 0.010094461785703926 0.003979534860763711 1.0917441769775962 0.00045285481932383359 0.0048953731188417738 0.0025021113725959281 0.22962702543864441 0.00034804047574721336
decision_type=2 2 2 2 2 2 2 2 2 2 2 2 2 2
left_child=1 -1 5 -4 -5 9 8 -8 -7 10 11 12 13 -3
right_child=-2 2 3 4 -6 6 7 -9 -10 -11 -12 -13 -14 -15
leaf_value=-0.019483581023311047 0.0036847334157213874 -0.014621577978738851 0.03796084711244959 0.0031271060134911628 -0.009329178121524161 0.065120334101648969 0.029006434206478679 -0.022127259069250307 0.0051230750851038497 -0.0079575692180459175 -0.0051125152124465827 0.06284941852767921 -0.00033530083386149284 0.055144615237101367
leaf_weight=51.515295524150133 906.80241225659847 2.4629867635667315 7.8412607684731475 208.74183021485806 63.699660837650299 4.2770491465926188 3.9333303570747367 9.1660748422145826 3.916070744395256 392.56632422655821 109.38575007393956 2.9339708089828482 41.196042310446501 5.3779459893703461
leaf_count=849 4622 27 53 1605 415 27 23 57 23 3646 929 20 457 56
internal_value=-8.77721e-05 -0.00386261 -0.00289681 0.00137908 0.000180259 -0.00498429 0.0130079 -0.00559237 0.0404464 -0.0057035 -0.000185852 0.0100277 0.00561438 0.0337153
internal_weight=1813.82 907.014 855.498 280.283 272.441 575.216 21.2925 13.0994 8.19312 553.923 161.357 51.9709 49.037 7.84093
internal_count=12809 8187 7338 2073 2020 5265 130 80 50 5135 1489 560 540 83
is_linear=0
shrinkage=0.03


Tree=62
num_leaves=15
num_cat=0
split_feature=20 36 31 19 12 8 17 30 15 29 28 29 27 33
split_gain=25.3555 12.5115 11.3285 6.99171 7.34523 6.90229 15.7116 9.51008 15.0671 8.24922 12.1278 7.7432 9.02359 10.2963
threshold=0.00078733113464726507 0.34669101933211188 0.0093074125185151364 0.00053079546135888017 0.0024358858920760116 0.0020970052977530855 0.0021694456358424268 0.0050148159239726802 1.2936534835162099 0.0041076869167507085 0.0028713696264247583 0.0076320092699172382 -0.0026754313369604095 -0.0017754127134112154
decision_type=2 2 2 2 2 2 2 2 2 2 2 2 2 2
left_child=2 3 -1 -2 -5 6 11 8 -7 10 -10 12 -3 -14
right_child=1 5 -4 4 -6 7 -8 -9 9 -11 -12 -13 13 -15
leaf_value=-0.016032647906084104 0.020868996294962493 -0.0088723407208895141 0.036701424960534308 -0.011416456870993047 0.018536568799091522 -0.026095578865427075 -0.022358998678199991 0.003123116080417692 -0.0010723727697455295 0.054096730309399592 0.035056839225416275 0.011098770037954009 0.014335195699358358 0.00020515597156942322
leaf_weight=102.22507372498512 6.182151246815919 90.546483129262924 2.8463197462260714 117.8625790476799 6.8986302614212027 5.2990316450595847 26.206168629229069 520.84797202795744 16.440703526139259 6.1795561462640753 15.579599738121031 60.051303423941135 48.402897872030735 776.1496699526906
leaf_count=1601 71 639 33 969 33 26 142 2618 89 31 76 344 387 5703
internal_value=-1.19095e-05 0.000875527 -0.0142433 -0.00799352 -0.00960213 0.00162381 0.000124404 0.00427407 0.0176081 0.0242581 0.0169449 0.000753982 6.04798e-05 0.00105461
internal_weight=1801.72 1696.65 105.071 130.943 124.761 1565.7 1001.36 564.347 43.4989 38.1999 32.0203 975.15 915.099 824.553
internal_count=12762 11128 1634 1073 1002 10055 7215 2840 222 196 165 7073 6729 6090
is_linear=0
shrinkage=0.03


Tree=63
num_leaves=15
num_cat=0
split_feature=20 9 35 34 34 8 33 35 19 34 9 8 14 34
split_gain=29.8098 8.8581 10.6846 12.0961 10.8925 9.51108 12.4686 9.69494 9.79991 9.04338 10.4393 8.71633 14.6232 8.5679
threshold=0.00098422267015883997 0.0007914056256587528 0.61237683354033134 0.68702594429718811 0.57939816935968136 0.00035782243404824948 0.0017754870082004896 0.47777998104674263 0.0010910264108550387 0.91136944742244763 0.00085408079212935647 0.002869471332939189 0.79742698767296816 0.34304901862030734
decision_type=2 2 2 2 2 2 2 2 2 2 2 2 2 2
left_child=-1 2 3 4 -2 -6 -7 8 -8 10 -3 12 -12 -4
right_child=1 9 13 -5 5 6 7 -9 -10 -11 11 -13 -14 -15
leaf_value=-0.011167240962778833 -0.0033354421559946123 0.013016374110487221 -0.0058957827969465569 -0.010007367072537172 0.047530272079427296 -0.0031899147227379774 -0.02244635607778793 0.054899251398134383 0.034566335400081104 0.013536667342521068 0.0082618451871327991 0.0046098978265721544 -0.011599065521178446 0.0032837655282708959
leaf_weight=195.91452185809612 158.9113705009222 71.846728906035423 106.78071378171444 178.8097912594676 5.1798021718859664 31.944440208375454 4.3627083003520948 6.2504886612296096 4.4974787384271622 82.41509211063385 49.089193120598793 198.96556313335896 98.808814093470573 601.21109928935766
leaf_count=2706 1231 355 763 1366 43 240 37 45 30 378 232 926 474 3859
internal_value=-0.000151482 0.0012024 -0.000304283 -0.0042881 0.000565475 0.0123291 0.0074833 0.0290305 0.00675996 0.0045035 0.00269033 0.000511583 -0.00497562 0.00188869
internal_weight=1794.99 1599.07 1097.95 389.956 211.146 52.2349 47.0551 15.1107 8.86019 501.125 418.71 346.864 147.898 707.992
internal_count=12685 9979 7614 2992 1626 395 352 112 67 2365 1987 1632 706 4622
is_linear=0
shrinkage=0.03


Tree=64
num_leaves=15
num_cat=0
split_feature=20 28 10 9 17 28 15 32 10 10 32 20 7 7
split_gain=26.8524 11.8662 9.27957 8.83136 8.55078 10.5375 20.4001 8.44462 12.1516 8.20954 8.41356 9.70919 9.03032 12.9098
threshold=0.0010186865966610654 -0.00041513000211118584 0.00018940626651848128 0.0007914056256587528 0.00056781510114090061 0.0079408187664226099 1.9823385817476389 0.0017025707268442543 0.00030508798874200727 0.0002938198518787035 0.0024241242425737473 0.000900091375545333 0.00053317250472623156 0.00042974259486394667
decision_type=2 2 2 2 2 2 2 2 2 2 2 2 2 2
left_child=1 -1 -3 -2 5 7 -7 8 -4 -9 -11 12 13 -12
right_child=3 2 4 -5 -6 6 -8 9 -10 10 11 -13 -14 -15
leaf_value=-0.018447782115202448 9.2644717145056314e-05 -0.018109350662518967 0.067189516066886057 0.0049222893435688876 -0.012569329801944583 0.077153093172635079 -0.017381996646278233 -0.012981848576236908 -0.019716443317885871 -0.0267164387937509 0.01956480569993652 -0.0014733728256163113 -0.0017978361522357994 0.095387517574968078
leaf_weight=82.792137023061514 1078.8744904771447 31.434438895434141 2.9132776930928221 497.97923835366964 31.846108265221119 3.8572390973567954 2.9563732519745827 28.293619386851788 1.6478582844138143 4.3208143860101691 6.9037893936038035 16.625120259821415 4.7522763013839713 2.4856062531471252
leaf_count=1242 7405 522 46 2346 346 36 27 395 19 48 74 163 45 25
internal_value=0.000246426 -0.00952502 -0.00405752 0.00162193 0.000187947 0.00575634 0.0387761 0.00188702 0.037353 -0.00115918 0.00838671 0.0140968 0.0314878 0.047175
internal_weight=1797.68 220.829 138.037 1576.85 106.602 74.756 6.81361 67.9424 4.56114 63.3812 35.0876 30.7668 14.1417 9.3894
internal_count=12739 2988 1746 9751 1224 878 63 815 65 750 355 307 144 99
is_linear=0
shrinkage=0.03


Tree=65
num_leaves=15
num_cat=0
split_feature=10 10 21 9 30 18 29 18 32 32 28 20 25 24
split_gain=18.2745 11.8441 10.0028 15.1344 13.5972 12.6682 14.2388 10.5983 18.8694 16.1446 10.1816 12.5689 12.3822 18.6636
threshold=0.00018940626651848128 0.00081577842632385444 0.0030663962822060635 0.00044975490143981447 0.0039820067677012105 0.002903351636254881 0.004234155993074246 0.0022173538365096172 0.0060100013410226832 0.0041973328330160336 0.0018161839132307957 0.00089142504788471372 0.77325452665982375 0.48067731099236366
decision_type=2 2 2 2 2 2 2 2 2 2 2 2 2 2
left_child=-1 2 10 4 -4 -6 -7 8 9 -5 -2 12 13 -12
right_child=1 -3 3 7 5 6 -8 -9 -10 -11 11 -13 -14 -15
leaf_value=-0.017723136605375854 -0.0065493897039765126 0.0032304350206964726 -0.018528556733172892 -0.012125252279159445 0.011645069883185569 0.075587703050322641 0.017263077209685583 -0.008635988280468956 -0.00058257679453040524 0.063763910013594646 0.041131378345876012 -0.0016560728978741992 0.027488568910833996 -0.027323117428379354
leaf_weight=49.647768892347813 401.34946767240763 805.41943868994713 8.1683294326066953 3.0893274545669538 41.820936433970928 6.1982493102550533 9.9874846562743169 78.057169884443283 42.789855346083641 7.579715333878994 4.2197971940040579 309.04443068802357 26.920143082737923 10.441574934870003
leaf_count=859 3936 3991 64 22 298 41 67 498 259 46 45 2243 286 127
internal_value=4.10966e-05 0.000555125 -0.00171168 0.00427195 0.0158624 0.020988 0.0428714 -0.00161305 0.00855657 0.0423764 -0.00329232 0.000435425 0.0157243 -0.0060609
internal_weight=1804.73 1755.09 949.666 197.691 66.175 58.0067 16.1857 131.516 53.4589 10.669 751.975 350.626 41.5815 14.6614
internal_count=12782 11923 7932 1295 470 406 108 825 327 68 6637 2701 458 172
is_linear=0
shrinkage=0.03


Tree=66
num_leaves=15
num_cat=0
split_feature=20 31 35 19 7 30 28 28 34 20 31 19 35 18
split_gain=22.2002 10.2395 9.16292 10.5177 8.92782 8.65387 7.92108 12.4636 10.6737 17.1392 20.9284 10.1487 12.5309 12.991
threshold=0.00078733113464726507 0.0093074125185151364 0.3544071754432202 0.00053079546135888017 0.0013920487109948534 0.0051626188576597539 -0.0022746869501459317 -0.0014829264328128919 0.12510874141893766 0.0018400301222410876 -0.0049499306358777298 0.0015999049274890273 0.69250661530959523 0.0020962380420538889
decision_type=2 2 2 2 2 2 2 2 2 2 2 2 2 2
left_child=1 -1 3 5 -5 -2 8 -8 9 10 -4 -10 -13 -14
right_child=2 -3 6 4 -6 -7 7 -9 11 -11 -12 12 13 -15
leaf_value=-0.014953806325835303 -0.013095904574791853 0.034485649031205989 0.077424475745898169 -0.011115881829541305 0.011921589302138347 0.052213986298659663 0.017765875683227447 0.0024520708359629145 -0.0061741082678175756 -0.00566309407144592 -0.0027092038897986981 0.022115724331656903 0.012415180772534441 -0.007382519995673101
leaf_weight=99.567312724888325 2.2856175974011412 2.9585139937698832 5.9102155417203903 115.13400451093912 16.452326394617558 3.8865986578166485 49.224975306540728 1059.9682588353753 270.88843300193548 12.896200887858866 4.8612617403268832 25.746512338519096 44.920042775571346 84.084284618496895
leaf_count=1611 27 33 48 976 86 42 345 6526 2166 71 46 132 227 421
internal_value=0.000306159 -0.0131789 0.00113028 -0.00625368 -0.00814467 0.029157 0.00178847 0.00314978 -0.00156501 0.0176119 0.0438467 -0.00267716 0.00342526 -0.0004233
internal_weight=1798.78 102.526 1696.26 137.759 131.586 6.17222 1558.5 1109.19 449.307 23.6677 10.7715 425.639 154.751 129.004
internal_count=12757 1644 11113 1131 1062 69 9982 6871 3111 165 94 2946 780 648
is_linear=0
shrinkage=0.03


Tree=67
num_leaves=15
num_cat=0
split_feature=20 32 30 17 29 35 10 22 29 21 28 14 35 33
split_gain=27.1161 11.8569 15.2624 8.82727 11.6221 12.2183 10.0476 7.6638 10.137 8.17673 11.1824 15.9944 8.26222 8.78375
threshold=0.0011757619023113194 0.0039980726176331504 0.0048143908261945772 0.0003930920167324326 0.0043585812574702615 0.68743362664041652 0.00042296778523558939 0.0042572222824096145 0.012839306392641364 0.0081869074625114963 -0.0020835913171116656 0.98765432098729955 3.3358581260956073 -0.002271351058778522
decision_type=2 2 2 2 2 2 2 2 2 2 2 2 2 2
left_child=1 -1 -3 -4 5 6 -5 8 9 12 -11 -12 13 -2
right_child=7 2 3 4 -6 -7 -8 -9 -10 10 11 -13 -14 -15
leaf_value=-0.01113805196982005 -0.0055009955876022722 0.016308532544207444 -0.021665928405561533 0.0091090334067306673 -0.020154588440632837 -0.012075776756168992 0.072019837810749304 0.0076369294898601774 0.035625892750291599 -0.034712536149421686 -0.0087078831558121562 0.041010782936123272 0.01201076112538777 0.0019008028885776327
leaf_weight=239.58024766296148 167.78308022767305 36.472828675061464 23.95403865724802 5.2913383059203642 10.209821529686449 6.0142532289028159 3.7591546475887299 179.02579535543919 6.5804865360260001 11.602549538016317 53.821197688579559 5.5109546780586234 61.694918572902679 989.81609080731869
leaf_count=3123 1066 372 248 54 101 58 29 831 30 56 254 26 317 6191
internal_value=0.00010281 -0.00772244 0.00180971 -0.00898338 0.00328948 0.0196305 0.0401037 0.00183363 0.0010249 0.000818647 -0.00900572 -0.00343693 0.00139957 0.000821571
internal_weight=1801.12 325.282 85.7014 49.2286 25.2746 15.0647 9.05049 1475.84 1296.81 1290.23 70.9347 59.3322 1219.29 1157.6
internal_count=12756 3985 862 490 242 141 83 8771 7940 7910 336 280 7574 7257
is_linear=0
shrinkage=0.03


Tree=68
num_leaves=15
num_cat=0
split_feature=12 14 31 28 30 29 25 0 31 20 27 24 12 19
split_gain=22.4767 7.60527 9.8922 11.0595 9.9163 9.31566 9.76749 9.06527 14.5681 19.8812 13.0656 12.8641 9.20898 8.95589
threshold=0.00037370745826886402 0.63392077990634832 -0.026296380117795667 -0.0031154456742924492 0.010321793588884727 0.0035574162082314242 0.24809584269097931 1.0000000180025095e-35 -0.0048221879271328474 0.0020438141505627915 0.0054645150330746026 0.4535712215481072 0.0030472716472996265 0.0011870846379948492
decision_type=2 2 2 2 2 2 2 2 2 2 2 2 2 2
left_child=-1 -2 4 5 -3 -4 -7 8 9 11 -11 -8 -9 -13
right_child=1 2 3 -5 -6 6 7 12 -10 10 -12 13 -14 -15
leaf_value=-0.011032089192603104 0.0099980389434090097 -0.0036714943904690468 -0.013805828258034929 0.0014794628740268704 0.02121312368242351 0.031137255975786322 -0.010449036484519891 -0.010594251008218597 -0.0086081478601754934 -0.010746012727920903 0.03489082651134183 0.022523128419157521 0.018934141135081111 0.060081094432851291
leaf_weight=151.48317726328969 79.567588645964861 21.849022820591927 76.195789627730846 1155.9000324681401 38.948255978524685 6.7783018276095381 6.2696561478078356 125.72088777646422 58.448294837027788 34.131087303161621 5.7210957258939734 21.402056306600574 9.3032630681991559 8.5508168116211873
leaf_count=2059 505 120 667 7376 183 45 47 860 406 182 28 163 44 56
internal_value=-1.04791e-05 0.00100639 0.000542481 5.84841e-05 0.012307 -0.00458336 -0.00198886 -0.00294498 0.00254328 0.0111504 -0.00342735 0.0269307 -0.00841343 0.0349366
internal_weight=1800.27 1648.79 1569.22 1508.42 60.7973 352.521 276.325 269.547 134.523 76.0747 39.8522 36.2225 135.024 29.9529
internal_count=12741 10682 10177 9874 303 2498 1831 1786 882 476 210 266 904 219
is_linear=0
shrinkage=0.03


Tree=69
num_leaves=15
num_cat=0
split_feature=19 22 31 35 23 30 14 30 8 29 32 31 8 35
split_gain=21.9345 12.2697 9.64508 9.8381 9.26276 8.49881 11.3469 8.31917 10.5533 9.01232 8.16623 9.02874 8.05213 7.80313
threshold=0.00049075111821813959 0.0037147998300679007 0.0067289060902890338 0.42981578184143726 0.0027521160032596575 0.013796888332305546 0.84880687583930026 0.0077063874617627611 0.002869471332939189 0.0050283442867150004 0.0060568811393960581 0.0016139788535204371 0.0067267542763614361 0.3544071754432202
decision_type=2 2 2 2 2 2 2 2 2 2 2 2 2 2
left_child=2 4 -1 -4 13 6 10 8 -8 -9 -3 -12 -7 -2
right_child=1 5 3 -5 -6 12 7 9 -10 -11 11 -13 -14 -15
leaf_value=-0.01936565021352385 -0.0068317900860308083 0.030318399592869791 -0.020687612767097078 0.055552209829601192 -0.015906281635252029 0.024779016550759817 -0.025538298626714993 -0.032026034376867962 0.017935641755959748 -0.0036935070820166256 -0.0054034633146467252 0.014416796346513071 -0.0050879699072115302 0.00072196007363729592
leaf_weight=65.132385715842247 134.91452219337225 15.823396369814871 1.9741231054067601 2.3679872639477253 32.685295276343822 36.157883360981941 5.2520136460661915 11.458859443664549 25.103863924741745 57.312751635909081 31.620760604739189 55.695961520075798 9.8088919520378095 1302.2563939839602
leaf_count=1128 1209 76 28 27 172 165 26 55 116 270 149 259 44 8993
internal_value=1.14461e-05 0.000685593 -0.0163907 0.0229444 -0.00035588 0.00684113 0.00412906 -0.00308469 0.00974375 -0.00884868 0.011054 0.00722523 0.0183692 6.50799e-06
internal_weight=1787.57 1718.09 69.4745 4.34211 1469.86 248.234 202.268 99.1275 30.3559 68.7716 103.14 87.3167 45.9668 1437.17
internal_count=12717 11534 1183 55 10374 1160 951 467 142 325 484 408 209 10202
is_linear=0
shrinkage=0.03


Tree=70
num_leaves=15
num_cat=0
split_feature=19 28 22 33 32 30 17 27 32 18 30 11 29 32
split_gain=17.6909 9.82198 9.55754 9.16581 11.014 11.1002 10.0611 9.67772 20.9902 10.6949 10.4709 10.0178 9.29608 11.0724
threshold=0.00049075111821813959 0.0075407022715703329 0.001541903002339441 -0.00047756936290637835 0.003235480827352226 0.0031845986209796265 0.00093465442159068612 -0.00021314207948336381 0.0028750421665207269 0.0011127990092376085 0.0076692631198051068 0.0018936433714403791 0.0036188254504738037 0.0066353637550792596
decision_type=2 2 2 2 2 2 2 2 2 2 2 2 2 2
left_child=1 -1 3 4 -2 -6 -7 8 9 -5 -10 -9 13 -13
right_child=2 -3 -4 7 5 6 -8 11 10 -11 -12 12 -14 -15
leaf_value=-0.017203198301509934 -0.027980722700514681 0.047522547483680393 0.0021056091386285787 0.095643103995316656 0.045207036325308474 -0.0098070476649803409 0.015016288542361908 -0.0031814141054043368 -0.014841982181645385 0.0063473889170090787 0.03178172326286631 0.0069535651215093149 0.001686560248231784 0.05120212928216774
leaf_weight=65.586319159716368 22.006225354969501 1.2147491797804821 1054.7312264367938 2.9625832512974766 2.7916803583502761 120.1110533438623 15.735737547278402 417.92487516254187 11.479830391705038 2.0625172443687916 5.636222042143344 13.307031877338888 50.758929930627346 7.857091210782527
leaf_count=1141 266 12 5742 38 29 1015 130 3738 113 28 41 89 305 41
internal_value=-0.000265389 -0.0152984 0.00032275 -0.00246741 -0.00869656 -0.00543563 -0.00682101 -0.000493917 0.0184571 0.0666267 0.00125221 -0.00139247 0.00886251 0.025085
internal_weight=1794.17 66.8011 1727.37 672.634 160.645 138.638 135.847 511.989 22.1412 5.0251 17.1161 489.848 71.9231 21.1641
internal_count=12728 1153 11575 5833 1440 1174 1145 4393 220 66 154 4173 435 130
is_linear=0
shrinkage=0.03


Tree=71
num_leaves=15
num_cat=0
split_feature=20 12 10 12 3 34 18 21 21 8 24 25 34 17
split_gain=25.4486 7.84353 8.69518 11.9147 7.53822 7.79246 8.47355 7.46552 6.82878 10.4657 10.9918 10.2219 8.84413 8.37854
threshold=0.00098422267015883997 0.00092459328829510104 0.00099053739750045865 0.00087443383071443461 1.0000000180025095e-35 0.049012403752183735 0.0019940063790762634 0.0030281837563340135 0.00095295569194231444 0.00067618748215553259 0.87816227260122093 0.69558826348525182 0.62765192157398964 0.0014591605478075922
decision_type=2 2 2 2 2 2 2 2 2 2 2 2 2 2
left_child=-1 2 4 -4 7 -6 8 -2 9 10 -7 -11 -13 -10
right_child=1 -3 3 -5 5 6 -8 -9 13 11 -12 12 -14 -15
leaf_value=-0.010388040094770255 -0.0011192368714226246 0.0027464116498289682 0.031358467695244474 -0.021884863327280006 0.029940689538214691 -0.016358643884291927 -0.012962143966382454 0.012205365541672113 -0.0082190478497111714 0.0060481913100507304 0.028917464752741734 0.070644092692100133 0.0081384856582285992 0.014631947688787131
leaf_weight=187.30953562632203 165.9442937001586 1074.847932100296 13.789243876934053 4.2182027697563163 4.5059768930077544 20.855736084282402 103.96424262970686 47.863735176622868 130.18705289810896 17.921580597758297 5.1955577507615081 4.3889361396431905 3.9402274563908577 15.223462350666521
leaf_count=2733 1371 5836 68 21 35 195 772 301 1082 150 50 35 36 102
internal_value=4.66839e-05 0.00126608 -0.00168548 0.0182333 -0.0024147 -0.00542865 -0.00606403 0.00189262 -0.00237468 0.00680975 -0.00648288 0.0198653 0.0454384 -0.00572262
internal_weight=1800.16 1612.85 537.998 18.0074 519.991 306.183 301.677 213.808 197.713 52.302 26.0513 26.2507 8.32916 145.411
internal_count=12787 10054 4218 89 4129 2457 2422 1672 1650 466 245 221 71 1184
is_linear=0
shrinkage=0.03


Tree=72
num_leaves=15
num_cat=0
split_feature=29 36 28 36 24 21 27 12 12 17 31 7 17 27
split_gain=15.6795 12.463 11.1621 9.81537 17.1541 13.8117 7.42336 7.72991 9.31714 7.06168 15.026 12.8618 9.92523 8.04328
threshold=0.0021104269650420557 0.37730847373443582 0.0019191705667773176 0.40894185183681586 0.99637352376435517 0.00079423978987874799 0.0035483184606021627 0.00068575392608268991 0.0015710855137321656 0.0036969641596525942 0.015748244290713923 0.0010573670984270203 0.0046368602756831087 0.0041644022357950625
decision_type=2 2 2 2 2 2 2 2 2 2 2 2 2 2
left_child=2 6 -1 4 5 -3 -2 -8 -9 -5 11 -11 -13 -12
right_child=1 3 -4 9 -6 -7 7 8 -10 10 13 12 -14 -15
leaf_value=-0.020047943556466812 -0.0083895940351054327 0.060582124246716502 -0.00020103807376708652 0.00044979689730956229 -0.02658185618844203 0.013637243367376076 0.038690996490138421 -0.016608794621480606 0.027141458803001905 -0.0090597402448416246 -0.033663850171202103 0.040824992257540153 0.012183039431122221 0.00099236313907260024
leaf_weight=58.177186489105225 183.37471427023411 5.9210609160363665 45.397189531475306 1348.6890471987426 7.0393115766346446 38.745364762842655 5.086351893842223 11.019533336162569 5.8892275840044013 11.859323397278784 6.9730625897645977 19.75155034661293 26.461998015642166 23.852859750390053
leaf_count=874 1785 57 423 8727 69 279 42 74 28 57 33 90 120 110
internal_value=-0.000187575 0.000506125 -0.0114627 0.00146428 0.0141846 0.0211164 -0.00640107 0.00969079 -0.000538634 0.000995139 0.00913816 0.0180328 0.0250935 -0.0075643
internal_weight=1798.24 1694.66 103.574 1489.29 51.7057 44.6664 205.37 21.9951 16.9088 1437.59 88.8988 58.0729 46.2135 30.8259
internal_count=12768 11471 1297 9542 405 336 1929 144 102 9137 410 267 210 143
is_linear=0
shrinkage=0.03


Tree=73
num_leaves=15
num_cat=0
split_feature=10 20 31 34 29 28 31 34 32 27 10 29 27 27
split_gain=24.6822 9.64446 9.52924 9.91464 9.39666 8.89232 8.69582 13.4392 11.7732 13.5428 13.3294 13.1988 12.9021 10.502
threshold=0.00029648155538763597 0.0016219997520680173 -0.00014015048619581136 0.14161400408710756 0.0033528324126068571 -0.019975400687435304 0.0048570459298237787 0.79110355877083272 0.0024944920908642454 -0.0021008423286769102 0.00066301756158563499 0.0044806756933310765 0.0033688200697829522 0.00053279744089296266
decision_type=2 2 2 2 2 2 2 2 2 2 2 2 2 2
left_child=-1 2 3 4 -2 -5 7 8 -4 -10 11 12 13 -11
right_child=1 -3 6 5 -6 -7 -8 -9 9 10 -12 -13 -14 -15
leaf_value=-0.011861387108953651 -0.012679683387062173 0.0029943377191400077 -0.021770253915362726 0.03512877075884055 0.036297145726933294 -0.0086851552699401483 -0.0028670912206308877 -0.0060156881059394967 -0.011215949191171757 0.023390684386121709 -0.0056096265902680778 -0.00023233598889247118 -0.014418345804752146 0.055487065680347759
leaf_weight=135.50238178670406 4.9498808905482283 1119.0977817103267 6.6350429728627196 3.2567421421408644 8.17818336188793 221.09394826367497 166.1757393181324 43.718824114650488 11.92521160840988 21.088118322193623 12.038117170333861 11.357332225888966 3.687976971268653 20.687596343457699
leaf_count=2181 52 6020 68 26 66 2005 1307 356 103 183 72 102 29 162
internal_value=0.000397724 0.00141048 -0.00189768 -0.00636823 0.0180279 -0.00788276 0.00167249 0.00742582 0.0141739 0.0173929 0.02248 0.0284771 0.0355642 0.0402807
internal_weight=1789.39 1653.89 534.793 237.479 13.1281 224.351 297.314 131.138 87.4194 80.7844 68.8591 56.821 45.4637 41.7757
internal_count=12732 10551 4531 2149 118 2031 2382 1075 719 651 548 476 374 345
is_linear=0
shrinkage=0.03


Tree=74
num_leaves=15
num_cat=0
split_feature=12 10 10 34 3 34 34 9 17 10 11 12 3 34
split_gain=22.2523 12.7036 8.93237 8.38873 8.4387 7.6051 9.70893 11.5207 10.991 18.2257 9.82352 9.65315 15.3244 8.78803
threshold=0.00088153312350187723 0.00099886709314879756 0.00018940626651848128 0.97692691523696285 1.0000000180025095e-35 0.34948668825280188 0.68702594429718811 0.00019269019501439851 0.0016022683792131789 0.00055991320092429651 0.00072403431245571259 0.00019602961142274126 1.0000000180025095e-35 0.36720261966026141
decision_type=2 2 2 2 2 2 2 2 2 2 2 2 2 2
left_child=1 2 -1 -2 -5 -4 7 10 11 -10 -7 12 -9 -13
right_child=3 -3 5 4 -6 6 -8 8 9 -11 -12 13 -14 -15
leaf_value=-0.017423867500282766 0.002378285480416297 0.02412321941531094 -0.010690608118760192 0.027441676237152577 -0.0012645407615658384 0.0058624238960298166 -0.0057950082375863229 -0.020953266491014071 0.067082617608202721 0.0043683190256422894 0.091554478189659505 0.026660938847225844 0.071703987822775594 -0.0033412437582962134
leaf_weight=45.092991858720779 1074.8961360752583 13.084307476878164 112.56594604998827 23.243603192269802 14.420023716986178 2.8836952224373809 275.5320307649672 2.0129437632858744 4.8690633028745678 15.37502661347389 1.3985595516860483 8.2256249412894231 3.002319160848856 179.9740096218884
leaf_count=859 5955 64 1088 113 78 43 2518 27 39 95 17 76 38 1657
internal_value=0.000283176 -0.00405735 -0.00466454 0.00287777 0.0166251 -0.00368277 -0.0020591 0.00265952 0.00155452 0.0220411 0.0464511 -0.000678955 0.0367151 -0.0018801
internal_weight=1776.58 664.017 650.932 1112.56 37.6636 605.839 493.273 217.741 213.459 20.2441 4.28225 193.215 5.01526 188.2
internal_count=12667 6521 6457 6146 191 5598 4510 1992 1932 134 60 1798 65 1733
is_linear=0
shrinkage=0.03


Tree=75
num_leaves=15
num_cat=0
split_feature=19 28 25 11 22 31 17 12 28 28 17 20 11 19
split_gain=14.1591 9.5658 8.11569 8.38359 7.69063 8.93144 10.8484 9.45819 8.25459 19.4496 8.94286 18.9697 12.3377 8.8931
threshold=0.00049075111821813959 0.00361746682241515 0.82996414531015816 0.00056832478296336985 0.0042572222824096145 0.015748244290713923 0.0029694749668274238 0.003823976564420403 0.0033255525608942298 0.010488263873572714 -0.00034872920892620168 0.0028250955869088649 0.00078654593775739922 0.00053079546135888017
decision_type=2 2 2 2 2 2 2 2 2 2 2 2 2 2
left_child=1 -1 -3 -4 8 -6 7 -7 13 -10 11 12 -11 -2
right_child=4 2 3 -5 5 6 -8 -9 9 10 -12 -13 -14 -15
leaf_value=-0.01895707530642269 0.018032905393024806 -0.018860942414550632 -0.011428874653102973 0.055466615082305493 0.01079728509281431 0.026740835226280017 -0.012372804352413653 -0.012176650438981845 0.0060692308114365205 0.026142114263582743 -0.0060938858912856489 0.029740078280537458 -0.02163322435949375 -0.0031231360830284577
leaf_weight=55.114435497671366 17.256765466183424 3.6731582656502706 2.0751587711274624 3.6881633624434471 116.04573665559292 14.719495013356211 40.460096120834351 7.8908162564039221 400.12365756183863 5.5917621105909374 259.90351245552301 19.450016766786575 17.770473726093769 826.33572627231479
leaf_count=1056 243 48 28 36 530 67 188 36 2552 36 1455 90 102 6285
internal_value=-0.000502343 -0.0141877 0.0125282 0.032808 1.57938e-05 0.00588448 -0.00313539 0.0130914 -0.000665375 0.00173198 -0.00399214 0.00854651 -0.00947135 -0.00266597
internal_weight=1790.1 64.5509 9.43648 5.76332 1725.55 179.116 63.0704 22.6103 1546.43 702.839 302.716 42.8123 23.3622 843.592
internal_count=12752 1168 112 64 11584 821 291 103 10763 4235 1683 228 138 6528
is_linear=0
shrinkage=0.03


Tree=76
num_leaves=15
num_cat=0
split_feature=22 10 31 29 27 25 32 27 18 24 15 17 30 9
split_gain=17.2549 9.49535 8.15831 8.29117 9.75603 9.32087 8.6225 7.99906 14.2844 17.5787 12.3655 9.69756 16.8924 9.67117
threshold=0.001541903002339441 0.00018940626651848128 -0.026296380117795667 0.0064440929547373875 0.0021252170079790749 1.0190500302027254 0.011040084941001836 0.0023961435576346783 0.00022215943310521793 0.88339919152554658 2.2091319442610966 0.00076256168273286528 0.0082165803137093669 0.00043028567880403867
decision_type=2 2 2 2 2 2 2 2 2 2 2 2 2 2
left_child=1 -1 3 -2 6 -6 -5 8 9 -4 -9 12 -12 -13
right_child=2 -3 7 4 5 -7 -8 10 -10 -11 11 13 -14 -15
leaf_value=-0.016809567439567904 -0.01098433369266799 -0.0024669626178093012 0.0011885037053342938 0.049144422689338253 0.015242497073977065 -0.026256097338830504 0.0096736411644379947 0.00059807047707635729 -0.0024058924627651675 0.0407968504297226 0.0016187918509828511 0.034485843003727742 0.033272164701339015 0.0039993362315725832
leaf_weight=43.356846034526825 9.3579690903425199 693.55661832913756 28.372110433876514 12.098589122295381 19.754058539867405 5.3626414239406577 9.3557459414005262 303.35065150260925 441.1338741146028 14.842600814998148 26.639351442456245 9.0611165389418584 35.247132584452629 152.08036854118109
leaf_count=848 50 6182 164 55 92 27 42 1565 2577 92 136 60 171 759
internal_value=0.000189424 -0.00333652 0.00262902 0.0136909 0.0188389 0.00560123 0.0332631 0.00200102 -0.000775709 0.0154753 0.00455834 0.00990479 0.0199369 0.00593424
internal_weight=1803.57 736.913 1066.66 55.929 46.571 25.1167 21.4543 1010.73 484.349 43.2147 526.379 223.028 61.8865 161.141
internal_count=12820 7030 5790 266 216 119 97 5524 2833 256 2691 1126 307 819
is_linear=0
shrinkage=0.03


Tree=77
num_leaves=15
num_cat=0
split_feature=10 17 15 14 26 33 25 35 31 17 9 20 33 12
split_gain=15.8624 6.54663 7.81809 9.10436 7.93276 6.64326 10.8658 8.9015 7.89616 7.5489 7.15134 6.32323 10.4169 11.3431
threshold=0.0002938198518787035 -0.0011539186593366722 2.2867759122452775 0.76085401151252796 0.48903199548060228 -0.002271351058778522 3.0819534565058206 3.3358581260956073 -0.043824515647650768 0.0004180064779756299 0.00097689606729230659 0.0016219997520680173 -0.0017754127134112154 0.00063807040667200263
decision_type=2 2 2 2 2 2 2 2 2 2 2 2 2 2
left_child=-1 2 3 -2 -5 6 7 8 -3 -9 -11 12 13 -7
right_child=1 5 -4 4 -6 11 -8 9 -10 10 -12 -13 -14 -15
leaf_value=-0.010305610015589127 -0.027280406726125399 0.029195646028546077 0.03138991084050146 -0.021455884145171383 0.021303722043551788 0.040504648811610588 0.035653275689174299 -0.017792986859507406 -0.0083729255701457533 0.053550915826261154 0.0057198649640399675 0.0025132029658357022 -0.0026090020719225521 -0.0030998988261307951
leaf_weight=129.01313080266118 5.8227547034621265 4.1771682649850836 12.298752814531325 4.0514335930347469 17.023663178086281 9.7649706453084963 4.8719505518674842 3.6217705979943267 192.84128572046757 4.4215428680181486 6.7550240457057953 912.28753734380007 474.52119933068752 10.215073589235542
leaf_count=2152 29 18 61 21 88 87 24 23 1241 23 30 4871 4043 81
internal_value=-0.000212593 0.000574483 0.0125361 0.00299165 0.0123482 0.000276301 -0.0045986 -0.0057017 -0.00741783 0.0159796 0.0277325 0.00103205 -0.00169398 0.0189831
internal_weight=1791.69 1662.67 39.1966 26.8979 21.0751 1623.48 216.689 211.817 197.018 14.7983 11.1766 1406.79 494.501 19.98
internal_count=12792 10640 199 138 109 10441 1359 1335 1259 76 53 9082 4211 168
is_linear=0
shrinkage=0.03


Tree=78
num_leaves=15
num_cat=0
split_feature=12 10 30 28 28 20 24 3 34 25 11 14 18 14
split_gain=15.2214 16.8278 7.47201 7.31885 12.478 7.762 11.1034 10.9845 10.3237 12.5382 9.93369 8.93839 8.01696 7.1919
threshold=0.00088153312350187723 0.00099886709314879756 0.0024529907565682845 0.010488263873572714 0.010292408547129319 0.0027415516926638235 0.89999999999997937 1.0000000180025095e-35 0.97692691523696285 0.35753973192182847 0.002473547306625135 0.75230115481273885 0.0047255284958837027 0.93197938144332726
decision_type=2 2 2 2 2 2 2 2 2 2 2 2 2 2
left_child=1 2 -1 4 -2 12 7 8 9 -7 -11 -9 -5 -3
right_child=3 13 -4 5 -6 6 -8 11 -10 10 -12 -13 -14 -15
leaf_value=-0.019601034982876579 0.0034527118529697229 0.040985684515702864 -0.0034469948995130557 -0.0042272753977224808 0.043554369529584198 0.028545535248135863 -0.0083325769044199239 -0.0014934765599314572 0.03353923742731206 0.019051925809507101 -0.014018663254350298 0.025166213995494475 -0.026027699894773187 -0.0027221440166380218
leaf_weight=26.058585166931152 817.24891347810626 9.8073742389678937 620.87115810438991 102.53497557342052 6.0669854879379264 8.2874272316694242 60.111901730298996 15.545792877674101 6.3292127996683112 8.7397576421499235 50.769310608506203 37.743829518556595 17.084451451897621 4.5821802020072928
leaf_count=497 4655 47 5981 581 31 39 284 72 28 41 236 176 87 22
internal_value=0.000214336 -0.00339596 -0.00413156 0.00233014 0.00380434 -0.00161127 0.00218462 0.00719603 -0.000269476 -0.00391097 -0.0088776 0.0174495 -0.00755573 0.0276
internal_weight=1791.78 661.319 646.93 1130.46 823.316 307.147 187.527 127.415 74.1257 67.7965 59.5091 53.2896 119.619 14.3896
internal_count=12777 6547 6478 6230 4686 1544 876 592 344 316 277 248 668 69
is_linear=0
shrinkage=0.03


Tree=79
num_leaves=15
num_cat=0
split_feature=19 28 12 10 13 36 36 24 25 31 19 19 25 20
split_gain=15.1969 9.04255 7.73764 11.8882 9.07833 8.95443 10.5753 11.2967 9.99441 7.15441 9.29692 13.0617 15.365 10.7814
threshold=0.00049075111821813959 0.0079408187664226099 0.00088153312350187723 0.00099886709314879756 0.0005333319912255056 0.38083649408007048 0.40551272199029526 0.93364205256567423 0.69558826348525182 0.014639605208263852 0.0028318475139253968 0.0023112251496526337 0.31389604420288669 0.0052233600851582873
decision_type=2 2 2 2 2 2 2 2 2 2 2 2 2 2
left_child=1 -1 3 4 5 -2 7 8 -7 10 11 -4 -13 -12
right_child=2 -3 9 -5 -6 6 -8 -9 -10 -11 13 12 -14 -15
leaf_value=-0.016013563695286854 -0.0096337101060144353 0.045417244523280435 0.0033381297813146957 0.023852942622639494 -0.0082520856105542523 0.080616727829092544 0.00085776081154605274 -0.0071231813389119976 0.011567466935586556 -0.0019062159201280516 -0.016849272886111807 0.051862023947544245 0.011026104011503486 0.0076468756495812135
leaf_weight=61.21295241266489 72.111480820924044 1.2654880210757244 722.15049186721444 14.798586472868918 173.43509466573596 3.4200416132807714 331.44424087926745 4.7486305497586727 4.1901188567280769 265.95722697675228 39.318345487117767 8.7148969918489438 67.530105873942375 26.033222436904907
leaf_count=1162 796 12 4211 71 1403 32 3036 49 38 1335 184 40 315 116
internal_value=0.000388466 -0.0140262 0.000917404 -0.00181835 -0.00250735 -9.05699e-05 0.0019245 0.0281026 0.0487059 0.00238341 0.00370838 0.00460276 0.0163435 -0.00707768
internal_weight=1796.33 62.4784 1733.85 604.148 589.35 415.915 343.803 12.3588 7.61016 1129.7 863.747 798.395 76.245 65.3516
internal_count=12800 1174 11626 5425 5354 3951 3155 119 70 6201 4866 4566 355 300
is_linear=0
shrinkage=0.03


Tree=80
num_leaves=15
num_cat=0
split_feature=10 12 10 7 28 22 21 30 10 18 7 22 22 7
split_gain=16.181 9.03943 9.69995 8.47957 10.0349 10.0259 9.28669 8.46545 7.906 8.78932 7.50099 7.01632 12.077 8.97511
threshold=0.00018940626651848128 0.00088153312350187723 0.00099886709314879756 0.00053317250472623156 -0.00013086925170013861 0.00056995983026994414 0.0038950378108948418 0.0066584720665909163 0.00060489598019579122 0.0019457256889466314 0.0006037343979803379 0.00080931245676064978 0.00079293669002006544 0.00031120299439901805
decision_type=2 2 2 2 2 2 2 2 2 2 2 2 2 2
left_child=-1 2 3 4 6 -5 -2 8 11 -10 -4 12 13 -6
right_child=1 -3 10 5 7 -7 -8 -9 9 -11 -12 -13 -14 -15
leaf_value=-0.017884332936816127 -0.007891700465790517 0.0021864093339187349 0.035957457068853685 0.023790505711680784 -0.0027942278097443638 -0.010022217867289941 0.0207961128378902 -0.0040992018345399036 0.043821003294209057 0.0034070312670398976 -0.0097630661329269307 -0.00079474504791530521 0.066012067168751326 0.020680236261453686
leaf_weight=42.73218996822834 164.81867688521743 1129.7831863388419 9.242344066500662 7.3010853789746752 28.723786637187004 167.0867615416646 9.8194563388824445 91.586174495518208 9.5619457960128802 9.6041738167405111 4.0626488029956809 85.091508224606514 2.6176585592329493 28.101652517914772
leaf_count=875 1843 6220 43 78 358 1370 64 717 55 54 20 771 30 305
internal_value=0.000137895 0.000590316 -0.00232332 -0.00290116 -0.00062422 -0.0084619 -0.00615236 0.00315505 0.00723206 0.0248914 0.0220805 0.00471477 0.0125338 0.0089195
internal_weight=1790.13 1747.4 617.618 604.313 429.925 174.388 174.638 255.287 163.701 19.1661 13.305 144.535 59.4431 56.8254
internal_count=12803 11928 5708 5645 4197 1448 1907 2290 1573 109 63 1464 693 663
is_linear=0
shrinkage=0.03


Tree=81
num_leaves=15
num_cat=0
split_feature=22 31 24 34 22 17 35 30 21 16 34 25 17 34
split_gain=15.1859 7.65138 7.8634 9.17894 8.99699 9.30512 7.70298 7.3507 8.41061 13.2528 8.58705 8.36985 8.28759 8.0348
threshold=0.001387855966947811 -0.026296380117795667 0.99991251093612799 0.32888014771265267 0.0042572222824096145 0.0011297714495038804 0.71540437106628596 0.0062839275465111531 0.0028524805536875868 1.1150848871627579 0.8996227198863721 0.46680150051787311 0.0020729545543860532 0.93841909059577888
decision_type=2 2 2 2 2 2 2 2 2 2 2 2 2 2
left_child=-1 2 3 6 5 -5 -2 8 12 -10 11 -11 -3 -12
right_child=1 7 -4 4 -6 -7 -8 -9 9 10 13 -13 -14 -15
leaf_value=-0.0034588295310618387 0.059211214662510912 -0.0027331945737224714 0.047505264676109542 0.0084679125604823491 0.025579841311031665 -0.023281139751146859 0.011761618256248677 0.0004430381914672459 -0.016744168861292333 0.037982380855787277 0.045509189431458083 0.0070062810021953642 0.025893613997500977 0.01200497345403201
leaf_weight=626.60236600413918 4.1929113268852225 97.343135848641396 4.4285821616649619 17.119820624589924 9.6465709358453733 14.345965057611464 9.7972304075956327 867.09061312675476 13.037327535450457 7.7522694617509833 12.719917401671411 93.352891974151134 9.0294202566146833 14.609601236879824
leaf_count=6349 19 700 22 82 41 70 47 4720 69 41 65 491 50 78
internal_value=0.000307326 0.00232043 0.0127184 0.00907223 0.00162667 -0.00618604 0.0291839 0.00175165 0.00629764 0.0110634 0.0140169 0.0097595 -5.67462e-05 0.0287606
internal_weight=1801.07 1174.47 59.5311 55.1025 41.1124 31.4658 13.9901 1114.94 247.845 141.472 128.435 101.105 106.373 27.3295
internal_count=12844 6495 281 259 193 152 66 6214 1494 744 675 532 750 143
is_linear=0
shrinkage=0.03


Tree=82
num_leaves=15
num_cat=0
split_feature=32 34 33 30 28 12 31 6 30 32 29 11 15 29
split_gain=14.5399 9.09052 10.047 13.3715 10.5315 9.90788 10.7313 8.51066 8.05038 13.7219 11.8137 10.6287 9.35652 8.7794
threshold=0.004298732560696226 0.8369664120925866 0.00071231912007656208 0.0073669231286944302 -0.00041513000211118584 0.00036352713224784927 0.007293328652770604 1.0000000180025095e-35 0.0050148159239726802 0.0047171855332822105 0.0021104269650420557 0.0011971090567977074 1.3321993820162497 0.0026444091330709591
decision_type=2 2 2 2 2 2 2 2 2 2 2 2 2 2
left_child=1 2 -1 4 -4 -6 7 -7 9 10 -2 -12 -11 -14
right_child=8 -3 3 -5 5 6 -8 -9 -10 12 11 -13 13 -15
leaf_value=-0.00732775895167253 -0.0091945304550410563 -0.014639157490585621 -0.0063336145623081406 -0.020720423946590415 -0.0047447015684583789 -0.0023778523978019981 -0.0045375375642874183 0.034029577838277147 0.00039263291952313148 -0.010159134687897029 0.0088864423974888418 0.051163416999046779 -0.0015537360015921559 0.016656358995452255
leaf_weight=187.72672598809004 6.3403432071208981 75.887652203440666 30.884559262543917 16.029813129454851 17.388569310307503 6.6006703078746787 11.115532852709292 33.708852488547564 1261.0574183575809 33.588758703321218 9.4442868866026419 13.850666143000124 44.471963223069906 49.277430050075054
leaf_count=2185 59 884 386 146 262 66 80 293 7395 243 97 98 316 288
internal_value=-0.000199313 -0.00540958 -0.0030511 0.00386387 0.00801292 0.0144933 0.021022 0.028082 0.00119522 0.00758057 0.0256284 0.0352182 0.00318998 0.00806113
internal_weight=1797.37 379.342 303.455 115.728 99.6982 68.8136 51.4251 40.3095 1418.03 156.973 29.6353 23.295 127.338 93.7494
internal_count=12798 4302 3418 1233 1087 701 439 359 8496 1101 254 195 847 604
is_linear=0
shrinkage=0.03


Tree=83
num_leaves=15
num_cat=0
split_feature=12 8 14 0 34 34 20 36 19 16 24 7 20 36
split_gain=12.5797 10.0049 8.54752 12.1006 8.13311 18.4376 11.7224 8.3703 9.09779 9.07111 9.04818 8.97919 8.79676 11.8974
threshold=0.00088153312350187723 0.0002169844205773819 0.63082904058219158 1.0000000180025095e-35 0.57939816935968136 0.62765192157398964 0.0018602381530595901 0.67290994367765711 0.0016875860663282997 1.9143622800992157 0.13057686842851843 0.00052016798303006217 0.0013789170101408824 1.1562324895373985
decision_type=2 2 2 2 2 2 2 2 2 2 2 2 2 2
left_child=1 -1 3 -2 -3 6 -6 8 9 10 -7 12 -9 -14
right_child=2 4 -4 -5 5 7 -8 11 -10 -11 -12 -13 13 -15
leaf_value=-0.012848729443134419 0.027406877704624365 -0.0061958503373398238 0.0014068713585954882 -0.0011034495420399028 0.027913607846371685 0.026554147162610734 -0.019678160050386122 -0.00046855658140669727 0.042673696517969546 0.001513929361833597 -0.015431238010033124 -0.0072779570621792009 0.02893612300879312 0.00082465514894147936
leaf_weight=83.976386778056622 26.81952129304409 225.90518969297409 1079.3113680556417 25.327206470072269 30.952186949551105 3.9399722851812831 4.6446593627333632 50.502159636467695 2.3619935214519492 62.455891713500023 85.755926053971052 45.379458617419004 30.453378736972809 24.305320240557194
leaf_count=1123 142 2166 5927 139 305 42 30 576 14 664 891 332 201 156
internal_value=7.72026e-05 -0.003242 0.0019897 0.013743 -0.00179291 0.00112688 0.0212539 -0.00127292 -0.0061669 -0.00721837 -0.0132815 0.00373468 0.00853442 0.0167509
internal_weight=1782.09 650.633 1131.46 52.1467 566.656 340.751 35.5968 305.154 154.514 152.152 89.6959 150.64 105.261 54.7587
internal_count=12708 6500 6208 281 5377 3211 335 2876 1611 1597 933 1265 933 357
is_linear=0
shrinkage=0.03


Tree=84
num_leaves=15
num_cat=0
split_feature=30 28 22 30 0 22 28 24 17 20 9 28 11 29
split_gain=12.5689 13.155 8.60276 12.5742 8.04288 13.5911 10.8123 9.90065 13.5022 11.3848 10.859 8.33615 12.0586 10.9453
threshold=0.0040950294507069761 0.001409413497699519 0.0031627562055206049 0.0057715400109050021 1.0000000180025095e-35 0.0027220945889904094 0.0018161839132307957 0.97509544753711086 0.0008880549904630165 0.0016219997520680173 0.00032455853288973594 0.010488263873572714 0.0018936433714403791 0.0035574162082314242
decision_type=2 2 2 2 2 2 2 2 2 2 2 2 2 2
left_child=1 -1 4 -4 5 7 -6 -2 -9 10 -10 12 -8 -14
right_child=2 -3 3 -5 6 -7 11 8 9 -11 -12 -13 13 -15
leaf_value=-0.01576422357783034 0.0019887651383730699 0.00054589750335526344 0.022419911374649618 0.0032958991224519472 -0.0066018773965514331 -0.011125305426653322 -0.0004769249936162329 0.00030200079648756971 0.048142584584681181 0.03805695106430601 -0.002597089245017056 -0.0050035079190060708 0.034814120722206653 0.0077465580233616847
leaf_weight=85.388795979321003 500.9743068292737 90.961534544825554 33.502606585621834 314.55815471708775 302.84951218217611 61.099902451038361 127.21466647461057 40.954018175601959 3.7428980730474022 23.65556126087904 18.133440122008324 116.75522866845131 17.556864351034164 53.781846337020397
leaf_count=1342 3489 874 154 1481 2371 319 984 391 38 133 139 692 92 293
internal_value=0.000200375 -0.0073789 0.00103402 0.00520423 -0.000112679 0.00221697 -0.00256139 0.00362631 0.0129464 0.0240042 0.00767798 0.00131857 0.00505761 0.0148387
internal_weight=1791.13 176.35 1614.78 348.061 1266.72 648.56 618.158 587.46 86.4859 45.5319 21.8763 315.309 198.553 71.3387
internal_count=12792 2216 10576 1635 8941 4509 4432 4190 701 310 177 2061 1369 385
is_linear=0
shrinkage=0.03


Tree=85
num_leaves=15
num_cat=0
split_feature=32 10 14 28 35 34 27 15 22 19 25 9 31 28
split_gain=12.6689 11.5808 10.5341 9.61418 8.92408 8.52468 19.4244 18.3257 9.5684 9.09349 10.9256 9.83324 7.13092 9.94222
threshold=0.0039544048897908182 0.00082146561650471301 0.80582015814412966 0.0018161839132307957 0.3544071754432202 0.62765192157398964 0.0002632645704973014 2.9789211087868552 0.00070802322720128904 0.00067140697697821636 0.76398945563402798 0.00028709291813062634 0.017281377594412454 0.0028713696264247583
decision_type=2 2 2 2 2 2 2 2 2 2 2 2 2 2
left_child=1 3 -3 -1 -2 6 9 8 -8 -5 11 -11 13 -6
right_child=4 2 -4 5 12 -7 7 -9 -10 10 -12 -13 -14 -15
leaf_value=-0.0119911777574617 -0.0088026167700721702 0.032995863582854001 -0.0030918214100893681 -0.023123156847698643 0.00016488106708211923 -0.0076442558009018492 0.044335531276418184 0.075997085058829739 -0.0047834623429475163 -0.0096881302590557227 -0.012147947552928131 0.052383605237161061 -0.0031183707826548247 0.0057572901758802192
leaf_weight=165.1452806442976 76.062845200300217 11.789807736873628 16.233334794640541 14.227831181138752 648.31702648475766 71.412719804793596 4.3450537435710457 4.9307614006102076 9.9884692840278131 3.0270614847540873 10.607390310615299 5.4704719036817551 230.89222056418657 512.81076608970761
leaf_count=2434 562 59 82 176 4278 750 46 41 82 32 81 42 1178 2926
internal_value=-4.33361e-05 -0.00547224 0.0126013 -0.00727154 0.00113046 -0.000916708 0.00813373 0.0313425 0.0118311 -0.00571435 0.00760639 0.0312641 0.00168131 0.00264017
internal_weight=1785.26 317.178 28.0231 289.155 1468.08 124.01 52.597 19.2643 14.3335 33.3328 19.1049 8.49753 1392.02 1161.13
internal_count=12769 3825 141 3684 8944 1250 500 169 128 331 155 74 8382 7204
is_linear=0
shrinkage=0.03


Tree=86
num_leaves=15
num_cat=0
split_feature=30 33 26 36 27 30 28 35 33 8 26 22 22 20
split_gain=9.85793 7.12133 10.7673 11.2328 11.1602 9.25442 8.58873 10.5421 7.83119 15.1301 16.4782 20.7907 9.57589 7.93111
threshold=0.0024529907565682845 -0.002271351058778522 0.62622385140566739 2.9338235382976019 -0.0029377208108717907 0.011782867748603126 -0.017239748103234583 0.71540437106628596 -0.0017754127134112154 0.0013480462855625099 0.89929448599992245 0.0009118630014078458 0.0033484130960878809 0.0016219997520680173
decision_type=2 2 2 2 2 2 2 2 2 2 2 2 2 2
left_child=-1 2 3 5 6 -2 7 -4 9 10 11 -3 -11 -10
right_child=1 8 4 -5 -6 -7 -8 -9 13 12 -12 -13 -14 -15
leaf_value=-0.017242504054937879 -0.020561916011110654 -0.0049791784805558728 0.060808635674448053 0.014986499936765336 -0.01527564281180701 0.0055321686640750324 0.0023191100967007647 0.0062755797707497877 -0.0018536207595555526 -0.017120233102267575 -0.0089573232095808489 0.062367567065497252 0.023009312068971915 0.0026613752506570074
leaf_weight=27.183621697127819 67.561291482299566 5.5426733903586927 4.3782837390899649 11.186862565577028 27.727402858436108 14.232261039316652 88.023103766143322 8.860982693731783 557.7097737416625 15.979103907942774 7.1693870089948168 12.974680393934248 6.8060575723648062 935.33735485374928
leaf_count=517 505 68 20 63 206 73 517 44 5534 97 64 98 32 4936
internal_value=0.000356539 0.000639141 -0.0043696 -0.0120966 0.00122744 -0.0159733 0.00588079 0.0275246 0.00136468 0.0131133 0.0284716 0.0428331 -0.00454377 0.000972733
internal_weight=1790.67 1763.49 221.97 92.9804 128.99 81.7936 101.262 13.2393 1541.52 48.4719 25.6867 18.5174 22.7852 1493.05
internal_count=12774 12257 1428 641 787 578 581 64 10829 359 230 166 129 10470
is_linear=0
shrinkage=0.03


Tree=87
num_leaves=15
num_cat=0
split_feature=10 33 9 14 34 35 32 34 29 35 18 15 18 15
split_gain=12.2716 7.98328 10.9638 10.7778 11.5019 11.4384 10.4816 10.2674 11.1871 9.95308 9.55678 9.64685 9.51548 9.47135
threshold=0.00018940626651848128 0.00084734191776900537 0.00019269019501439851 0.62580256001300572 0.68416337385289971 0.61237683354033134 0.0028154751756973534 0.8714616192731236 0.0045224756126956431 2.8634901612851276 0.003297276280026296 4.7231586895750182 0.0037812159166927266 2.5713512380682926
decision_type=2 2 2 2 2 2 2 2 2 2 2 2 2 2
left_child=-1 2 6 -3 10 7 -2 8 -6 -4 11 -5 -12 -9
right_child=1 3 9 4 5 -7 -8 13 -10 -11 12 -13 -14 -15
leaf_value=-0.016172836552826197 0.063650495639246074 0.017143604640612795 -0.0033232211011405325 0.010623420116259179 -0.00026763844059254471 0.0016405505481336437 -0.011676721810723496 -0.0059480230746460517 -0.020554231181510278 0.013545896395375482 -0.023036178130846661 -0.01597971334268531 0.0022996965323693621 0.015060056315325253
leaf_weight=40.083248153328896 3.3752317354083052 39.941674873232841 641.20996361225843 225.10203513130546 38.842701446264982 504.55673362314701 2.1544681414961815 60.222333058714867 66.640802647918463 32.067075580358505 15.399622917175291 12.017764355987309 70.155323751270771 27.198876339942217
leaf_count=867 60 238 4897 1488 393 2918 33 482 504 172 85 74 345 190
internal_value=3.12255e-05 0.000415552 -0.00212065 0.00204287 0.00143248 -0.000731682 0.0365487 -0.00692837 -0.0131848 -0.00249643 0.00610739 0.00920107 -0.00243948 0.000650577
internal_weight=1778.97 1738.88 678.807 1060.08 1020.14 697.461 5.5297 192.905 105.484 673.277 322.675 237.12 85.5549 87.4212
internal_count=12746 11879 5162 6717 6479 4487 93 1569 897 5069 1992 1562 430 672
is_linear=0
shrinkage=0.03


Tree=88
num_leaves=15
num_cat=0
split_feature=29 29 21 18 34 27 22 30 34 31 13 18 20 36
split_gain=12.8003 11.7061 17.8959 15.9188 8.89205 10.168 7.72247 11.3035 9.0464 9.72887 7.83235 6.58128 9.80094 8.95943
threshold=0.0021104269650420557 0.0022240495898547836 0.0015992579399535247 0.0025501625338101301 0.6392287110760615 0.0019802401982255695 0.0042572222824096145 0.0054588919012787214 0.959359308930399 -0.024097795283747 0.0020121748267049352 0.0048948551242696823 0.0024667159500406954 0.8545152345678102
decision_type=2 2 2 2 2 2 2 2 2 2 2 2 2 2
left_child=-1 2 4 -4 -2 -6 11 10 9 -9 -8 12 -3 -14
right_child=1 6 3 -5 5 -7 7 8 -10 -11 -12 -13 13 -15
leaf_value=-0.010676191806024415 -0.026303354217207628 -0.0012169041863927602 0.06822473285352082 0.0035612401652850983 0.052423692232658775 -0.022010762269896685 0.051978746842742021 0.02560371275075982 0.023260914308086106 -0.00082526643718857317 0.0018075382521121563 -0.0061075774070653739 0.014413110027520418 0.0021697811679537091
leaf_weight=94.930666867643595 7.1334597058594245 988.2474763803184 7.7757136151194555 5.9783641844987869 2.8336619324982166 2.074293315410614 6.8480980992317182 12.751241058111189 18.513518139719963 139.55718244612217 4.6678053289651871 163.49714893847704 67.923607192933559 251.39723800867796
leaf_count=1284 79 7977 55 35 37 21 29 54 81 643 20 826 336 1224
internal_value=-1.60625e-05 0.0005908 0.0202624 0.0424677 -0.00618262 0.0220562 0.000270018 0.00607713 0.00401572 0.00152037 0.0336515 -0.000451371 0.00025771 0.00482032
internal_weight=1774.13 1679.2 25.7955 13.7541 12.0414 4.90796 1653.4 182.338 170.822 152.308 11.5159 1471.07 1307.57 319.321
internal_count=12701 11417 227 90 137 58 11190 827 778 697 49 10363 9537 1560
is_linear=0
shrinkage=0.03


Tree=89
num_leaves=15
num_cat=0
split_feature=29 36 9 25 18 24 15 18 14 22 21 10 9 19
split_gain=10.8669 10.9335 7.9339 8.81308 8.91761 10.154 8.85488 8.50629 7.93165 8.75139 8.65476 7.71755 7.43578 7.59595
threshold=0.0021104269650420557 0.37730847373443582 0.00029594545261438655 0.32438523000229053 -0.00050917384237980634 0.20712853476947504 1.9050520997815252 0.0013364520705496099 0.96146059648432747 0.00063308309031044412 0.001057895848731172 0.0007509300814853878 0.00045860874450507917 0.0010068914041807631
decision_type=2 2 2 2 2 2 2 2 2 2 2 2 2 2
left_child=-1 -2 3 -3 -5 6 -6 -7 10 -10 -9 -4 -13 -14
right_child=1 2 11 4 5 7 -8 8 9 -11 -12 12 13 -15
leaf_value=-0.0097113474493585403 -0.0059990877832320775 -0.014737836943833838 -0.0019280546951938951 0.049558919421490301 0.062690448787854652 -0.00036696386340324017 -0.0092506110011393288 0.072527060809950569 0.039326259381071989 -0.015541871835818146 0.018167411061905076 0.029860149642921156 0.015233093317403142 0.0017401260554057382
leaf_weight=96.127197302877903 197.90621405094862 10.703168172389267 532.53926479816437 4.7461550980806342 4.5996392853558055 49.458620086312294 1.7103341706097124 3.2225124686956432 2.7277024351060373 7.760031308978796 10.569312334060667 7.9745838791131964 38.464987173676491 821.65489764511585
leaf_count=1304 1945 137 4075 49 56 649 21 34 35 92 117 42 210 4055
internal_value=4.58495e-05 0.000606689 0.00148592 0.00980989 0.0130791 0.0102943 0.0441823 0.00680193 0.0209608 0.000648458 0.0351161 0.000909643 0.00265412 0.00236401
internal_weight=1790.16 1694.04 1496.13 95.4975 84.7943 80.0482 6.30997 73.7382 24.2796 10.4877 13.7918 1400.63 868.094 860.12
internal_count=12821 11517 9572 1190 1053 1004 77 927 278 127 151 8382 4307 4265
is_linear=0
shrinkage=0.03


Tree=90
num_leaves=15
num_cat=0
split_feature=10 12 10 29 28 34 31 31 27 27 21 21 34 9
split_gain=10.0342 6.44493 7.82595 8.74238 8.4543 9.30609 10.5888 12.4444 12.1408 18.7689 14.1046 14.8966 11.3165 11.1277
threshold=0.00018940626651848128 0.00088153312350187723 0.00099053739750045865 0.0044679779735177011 -0.0079815016438236058 0.77232227661187391 0.0047325415360331977 0.0017570409438329995 0.0033688200697829522 0.00070928822253019119 0.00050623042092767811 0.00026496879298609782 0.75848999004415474 0.00025421619373466338
decision_type=2 2 2 2 2 2 2 2 2 2 2 2 2 2
left_child=-1 2 3 4 -2 6 7 12 9 10 11 -9 -6 -8
right_child=1 -3 -4 -5 5 -7 13 8 -10 -11 -12 -13 -14 -15
leaf_value=-0.014881300245313551 -0.014914666966985452 0.0016774209356013505 0.018169612505551366 -0.0076642836870578499 0.0023864251702203992 -0.0054901024205594919 0.026135920493212686 -0.0059683024342710167 -0.02204877837490124 0.053545270900075395 -0.0084914370257307224 0.087052017372500082 0.046120298261050713 -0.0096323561755883077
leaf_weight=38.802025265991688 30.414856445044279 1141.1668142080307 15.553435668349264 207.54160369560122 120.34902144223452 117.46438855305314 7.9846083968877783 2.4860761240124729 3.7863818854093543 15.122405052185057 13.036211889237164 2.462218414992094 4.5950830429792395 59.581291425973177
leaf_count=861 307 6250 73 1760 1353 1171 88 30 28 129 133 25 52 482
internal_value=1.07639e-05 0.000352634 -0.00215907 -0.00273492 -2.27833e-06 0.0013358 0.00485263 0.00900764 0.0240978 0.0299552 0.0081856 0.0466667 0.00437208 -0.00504215
internal_weight=1780.35 1741.54 600.378 584.824 377.283 346.868 229.403 161.837 36.8933 33.1069 17.9845 4.94829 124.944 67.5659
internal_count=12742 11881 5631 5558 3798 3491 2320 1750 345 317 188 55 1405 570
is_linear=0
shrinkage=0.03


Tree=91
num_leaves=15
num_cat=0
split_feature=12 28 24 34 30 29 17 26 18 31 34 24 0 29
split_gain=11.9285 7.82584 11.2096 10.8487 9.29837 6.48976 5.59208 7.26051 10.3904 8.95113 10.7568 6.16125 5.1581 5.08324
threshold=0.00037370745826886402 0.0053101754056214543 0.79299310317960192 0.87336146327553144 0.0059809549088008654 0.002442813613329813 -0.0011539186593366722 0.48903199548060228 0.0015267926666351907 -0.005740874301839837 0.92565820841051172 0.095810141137478835 -1.0000000180025095e-35 0.0094749083026058976
decision_type=2 2 2 2 2 2 2 2 2 2 2 2 2 2
left_child=1 -1 3 4 -3 -4 7 -2 12 -10 -11 -8 -9 -13
right_child=6 2 5 -5 -6 -7 11 8 9 10 -12 13 -14 -15
leaf_value=-0.010964803300124695 -0.017114658106281159 0.074131051433118114 0.028148781117249375 -0.021162131650448401 0.0038008287902722491 -0.018869047822616673 -0.010180588527380857 0.016572593771015009 0.035677609777470178 -0.018851766391372982 0.02990593070635203 0.001008015943970284 0.060093188426112616 0.0085555314777243565
leaf_weight=114.29345944523811 5.5665949434041968 3.9591622240841406 2.4031393565237513 1.9353983253240583 2.8824183419346809 11.028470974415539 41.257432196289301 6.2957107871770859 5.4652610123157492 13.383784107863908 4.6768594533205023 1471.8691329844296 5.1419450342655164 84.149907760322094
leaf_count=1860 29 36 27 21 25 105 324 33 27 67 21 9709 25 423
internal_value=0.000687647 -0.0077968 0.00814756 0.0327571 0.0491463 -0.00888131 0.00140094 0.0122776 0.0173863 0.00527104 -0.00516184 0.00111556 0.0396375 0.00142335
internal_weight=1774.31 136.502 22.2086 8.77698 6.84158 13.4316 1637.81 40.5302 34.9636 23.5259 18.0606 1597.28 11.4377 1556.02
internal_count=12732 2074 214 82 61 132 10658 202 173 115 88 10456 58 10132
is_linear=0
shrinkage=0.03


Tree=92
num_leaves=15
num_cat=0
split_feature=29 28 31 17 24 33 15 22 35 25 14 18 18 28
split_gain=12.1438 10.1039 11.1418 14.584 11.9922 11.8097 10.5288 8.81869 8.64738 8.96977 10.5628 9.13487 12.8325 10.2991
threshold=0.0021104269650420557 0.0019767478628641704 0.00049850053777944503 0.00064842718123003806 0.87251359729463207 0.001526250635909873 1.1579120838213208 0.00079293669002006544 0.3544071754432202 0.6575829932658791 0.80869201990481698 0.0022407450810216782 0.0014980760053296962 0.0051819731151876445
decision_type=2 2 2 2 2 2 2 2 2 2 2 2 2 2
left_child=1 -1 4 5 -3 -4 -7 -8 -2 10 -10 12 -12 -14
right_child=8 2 3 -5 -6 6 7 -9 9 -11 11 -13 13 -15
leaf_value=-0.018915331321927176 -0.0059718712240745811 -0.013085478108484217 -0.010837277647400679 -0.028706388942376992 0.069065455484205118 -0.017339393737929015 0.0081028995096108797 0.069721258833270003 -0.0067814023397732518 0.0033860634979653503 0.0011111198180488054 -0.0052515684824596363 0.0069306681466435316 0.032689866810479022
leaf_weight=52.119268041104078 153.15020631998777 2.1117073111236087 12.283334199339153 13.853962052613495 3.0292743444442749 2.5825495347380629 4.0181031897664052 4.5637057647109032 208.27583625912666 907.41707130149007 231.99586849287152 126.01256211474538 39.430865302681923 21.654698684811592
leaf_count=885 1565 22 155 103 31 23 46 30 1368 5581 1760 735 309 133
internal_value=0.000208445 -0.0101935 0.000636638 -0.00532375 0.0381967 0.00897816 0.0301249 0.0450405 0.000798652 0.00147966 -0.00127396 0.00146554 0.00437184 0.01649
internal_weight=1782.5 94.5619 42.4426 37.3017 5.14098 23.4477 11.1644 8.58181 1687.94 1534.79 627.37 419.094 293.081 61.0856
internal_count=12746 1295 410 357 53 254 99 76 11451 9886 4305 2937 2202 442
is_linear=0
shrinkage=0.03


Tree=93
num_leaves=15
num_cat=0
split_feature=10 33 36 27 8 8 26 9 31 31 28 28 28 10
split_gain=13.0509 6.98842 9.61575 8.88283 15.9041 16.3104 8.79594 8.15684 9.60349 6.34129 11.344 10.9973 14.2703 13.041
threshold=0.00018940626651848128 -0.002271351058778522 2.9338235382976019 -0.0018712488267586533 0.0013480462855625099 0.0008452260734198026 3.0696938114718448 0.0014322027566649944 -0.0079864979557402998 -0.017091318182381906 -0.0021505763909028803 -0.0014829264328128919 -0.00053920513921806845 0.00034031331396970702
decision_type=2 2 2 2 2 2 2 2 2 2 2 2 2 2
left_child=-1 2 6 4 5 -3 -2 8 -4 -5 -11 13 -13 -12
right_child=1 3 7 9 -6 -7 -8 -9 -10 10 11 12 -14 -15
leaf_value=-0.016964450899840087 -0.00757043153887194 0.0071448403469624219 0.002522287073972659 0.0084405258939407191 -0.0052309415277011712 0.06147070623080856 0.029618510193707571 -0.014786878550767159 0.050679465639040765 -0.0048109024249097755 -0.02206046285398389 -0.014239250250708312 0.001969554861411032 0.024555982711724093
leaf_weight=38.447977386415005 194.83455495908856 10.994805078953506 7.9282263815402994 91.657799206674099 17.408633843064308 8.8067797981202585 4.8987563773989669 5.226038694381713 6.4783499911427507 300.91767536848783 5.5536426603794089 50.382917657494545 995.44723549485207 32.793954811990261
leaf_count=880 1293 101 45 510 100 67 24 23 34 2441 101 467 6428 221
internal_value=9.61162e-05 0.00048584 -0.00450335 0.00121322 0.0154994 0.0332441 -0.00650036 0.0149983 0.0262562 0.000840976 0.00033019 0.001763 0.00117297 0.0173395
internal_weight=1771.78 1733.33 219.366 1513.96 37.2102 19.8016 199.733 19.6326 14.4066 1476.75 1385.1 1084.18 1045.83 38.3476
internal_count=12735 11855 1419 10436 268 168 1317 102 79 10168 9658 7217 6895 322
is_linear=0
shrinkage=0.03


Tree=94
num_leaves=15
num_cat=0
split_feature=22 33 32 28 11 22 30 34 25 8 33 34 35 35
split_gain=8.73731 10.9575 11.572 9.63094 8.83628 8.53506 9.16436 11.1794 14.5989 13.6237 16.2447 18.5069 11.38 8.56094
threshold=0.001541903002339441 -0.00047756936290637835 0.0030880190012748392 -0.019119517263944171 0.0018936433714403791 0.0010110091927959142 0.0024529907565682845 0.88221982147871791 0.8195570196374945 0.00030184057082727206 0.00089181738634603431 0.55627261401010941 0.88914694682598783 0.45909604457076286
decision_type=2 2 2 2 2 2 2 2 2 2 2 2 2 2
left_child=1 2 -1 -4 5 6 -3 8 -8 -10 11 -11 -12 -13
right_child=-2 4 3 -5 -6 -7 7 -9 9 10 12 13 -14 -15
leaf_value=-0.026957039486691332 0.0017811888290855228 -0.018688099706712109 0.027641041422540633 -0.0074428884915191708 0.009010204303803419 -0.0064829349512013183 0.0015883574162254316 -0.009701523884261775 -0.0068822793111957027 0.0028324373132871928 -0.0034535626855343345 0.031367018744661294 0.050108674166777362 0.090670738235357248
leaf_weight=26.762444697320461 1067.9988791868091 17.498087432235479 6.4278820678591719 133.90755376592278 75.578719325363636 208.63893925026059 145.39410918578506 47.324392795562744 11.812849018722771 5.7199019342660931 15.057785935699942 5.5390235334634763 3.6036080569028845 6.7139220647513866
leaf_count=455 5753 374 44 1212 454 1668 1624 540 176 81 183 81 36 79
internal_value=6.54573e-05 -0.00251012 -0.00920405 -0.00563049 -0.000431088 -0.00198045 0.00165069 0.00320986 0.00641106 0.0204989 0.0293561 0.0489948 0.00875951 0.0684781
internal_weight=1777.98 709.979 167.098 140.335 542.881 467.303 258.664 241.166 193.841 48.4471 36.6342 17.9728 18.6614 12.2529
internal_count=12760 7007 1711 1256 5296 4842 3174 2800 2260 636 460 241 219 160
is_linear=0
shrinkage=0.03


Tree=95
num_leaves=15
num_cat=0
split_feature=19 19 31 10 32 7 12 18 27 14 25 22 20 19
split_gain=9.85841 10.4547 7.95696 7.88668 8.60952 7.75495 7.11763 10.08 8.90547 8.50238 10.9258 9.72857 21.3113 9.45494
threshold=0.00049075111821813959 0.00053079546135888017 0.0086711525343501922 0.0011001357208196962 0.0096873016786305308 0.0014268762010362648 0.00082098887229711858 -0.0010541478401694946 0.011961976216291583 0.81015635603567804 1.1521081346791682 0.0022258568534553732 0.0026719403197980724 0.00070363869451221556
decision_type=2 2 2 2 2 2 2 2 2 2 2 2 2 2
left_child=2 -2 -1 5 -5 6 -3 -8 9 10 -9 12 -11 -12
right_child=1 3 -4 4 -6 -7 7 8 -10 11 13 -13 -14 -15
leaf_value=-0.015347105418239739 0.020046910296303774 -0.0035145866879493374 0.030218056025605303 0.0088276454756863118 0.00026209908911334524 -0.010138876712780338 -0.015985229717730202 -0.0068543238777243843 0.037112042736757445 0.0049633347289491057 -0.025820333523857823 -0.0037420371129828602 0.035276886068092178 0.010655728721513635
leaf_weight=53.793747704476118 22.134141851216555 506.88496813550591 2.7258536703884593 152.72029027342796 340.12333343923092 87.088405966758728 27.955506145954132 165.11761117726564 5.4920882284641257 232.54506119713187 6.0940941907465449 88.870429039001465 22.05997883528471 64.588257156312466
leaf_count=1139 303 4684 32 698 1551 485 165 1051 27 1579 51 504 112 388
internal_value=-0.00039275 1.36755e-05 -0.0126103 -0.000257101 0.00293493 -0.00156464 -0.000886562 0.00128481 0.00214143 0.00174132 -0.00263051 0.00475026 0.00772929 0.00715265
internal_weight=1778.19 1721.67 56.5196 1699.54 492.844 1206.7 1119.61 612.723 584.768 579.275 235.8 343.475 254.605 70.6824
internal_count=12769 11598 1171 11295 2249 9046 8561 3877 3712 3685 1490 2195 1691 439
is_linear=0
shrinkage=0.03


Tree=96
num_leaves=15
num_cat=0
split_feature=30 34 34 36 36 34 32 14 31 34 25 18 10 22
split_gain=8.17695 5.81465 23.4467 17.1597 14.1454 10.5122 10.4334 9.67383 9.65311 9.53129 9.16976 7.2643 7.09828 11.1607
threshold=0.0024529907565682845 0.57939816935968136 0.62765192157398964 0.62710900810249348 0.52370300522126756 0.68702594429718811 0.0024944920908642454 0.88315858183316032 0.017281377594412454 0.64872873568472456 1.0713512254362005 0.0017938135423348214 0.0017605177792726085 0.0051496665270344471
decision_type=2 2 2 2 2 2 2 2 2 2 2 2 2 2
left_child=-1 8 6 4 5 9 -3 -7 -2 -4 -11 -12 -10 -14
right_child=1 2 3 -5 -6 7 -8 -9 12 10 11 -13 13 -15
leaf_value=-0.016738360562525888 -0.00057218222997476944 0.054511292562053448 -0.0089083856587405582 0.0029063784892436047 -0.01660827134308537 0.0021835611634150923 0.01244772384846495 -0.011023128570403176 -0.016437006289096227 0.007070000858983079 0.076848435334796489 0.019265367135403107 0.032787008070813368 -0.01964697469238923
leaf_weight=24.532234359532595 590.33047900348902 4.7769463919103137 10.693578034639357 675.29473293200135 77.746425095945597 97.851323910057545 105.23082983121276 99.679512999951839 59.557497940957546 13.066695660352709 3.315755505114792 5.7481498569250107 6.5351233631372434 6.1076099276542664
leaf_count=509 4428 62 115 4005 613 800 677 973 345 131 35 36 30 29
internal_value=0.000114663 0.000361218 0.00170591 0.000227263 -0.00562551 -0.00185001 0.0147759 -0.00448774 -0.0018527 0.0135981 0.024518 0.0461714 -0.0121307 0.00765324
internal_weight=1780.47 1755.93 1093.4 983.396 308.101 230.355 110.008 197.531 662.531 32.8242 22.1306 9.06391 72.2002 12.6427
internal_count=12788 12279 7447 6708 2703 2090 739 1773 4832 317 202 71 404 59
is_linear=0
shrinkage=0.03


Tree=97
num_leaves=15
num_cat=0
split_feature=30 35 22 14 27 18 18 21 21 34 34 29 18 29
split_gain=6.8605 5.45968 9.17443 6.37635 8.97531 9.26607 8.26378 6.66257 6.50816 6.20139 14.03 9.3272 8.4802 10.0122
threshold=0.0024529907565682845 0.3544071754432202 0.0037147998300679007 0.62818064650928984 0.00021333323728645051 0.0012950731382774807 0.0039024973750940721 0.0014682336130022457 0.001057895848731172 0.69488591842480185 0.57291384331331374 0.0021319723297051145 0.0050878046626198223 0.0075268295345406666
decision_type=2 2 2 2 2 2 2 2 2 2 2 2 2 2
left_child=-1 2 -2 4 -3 7 -7 8 -6 10 -5 -12 -13 -14
right_child=1 3 -4 9 5 6 -8 -9 -10 -11 11 12 13 -15
leaf_value=-0.015363522447682186 -0.0066823217037817869 -0.006718229113949468 0.025797307141569737 -0.00026227455076426975 -0.007969680449423382 0.042322689077259487 0.0086590945849321452 -0.012799996106677433 0.050289309838448863 -0.001486134985095441 -0.018691766993945973 0.01193456834257091 -0.012466248745825663 0.024850801361138534
leaf_weight=24.221995778381824 146.90034078061581 19.080648973584175 7.2590317577123633 566.70228021591902 2.6009039878845241 14.955638919025661 12.679673269391058 11.584754351526497 2.7813377678394318 725.94423126801848 10.033992342650889 199.76491340249777 27.310528159141541 7.3782420307397834
leaf_count=517 1557 136 34 3933 24 87 59 72 23 4696 118 1319 130 34
internal_value=0.00016869 0.0003934 -0.00497718 0.000915246 0.010145 0.017414 0.0278237 0 0.0248287 0.000524562 0.00232727 0.00831845 0.00956164 -0.003971
internal_weight=1779.2 1754.98 154.159 1600.82 63.683 44.6023 27.6353 16.967 5.38224 1537.13 811.19 244.488 234.454 34.6888
internal_count=12739 12222 1591 10631 401 265 146 119 47 10230 5534 1601 1483 164
is_linear=0
shrinkage=0.03


Tree=98
num_leaves=15
num_cat=0
split_feature=22 28 19 29 33 34 34 18 22 11 24 35 32 25
split_gain=9.67403 7.63242 10.8924 11.228 11.3233 9.58654 15.8208 14.3231 13.2181 12.2396 9.61277 8.25117 7.04507 6.84423
threshold=0.00083472100491110491 -0.00030346849077578225 0.0008431220879332648 0.002195835307500229 -0.00044355208110318217 0.66487037851379138 0.48427318848919321 0.00016304704845149234 0.00047683540783762668 0.00044923213769160203 0.51870006675989289 0.98515766850156716 0.0045222366615182306 0.21295662945091015
decision_type=2 2 2 2 2 2 2 2 2 2 2 2 2 2
left_child=1 13 3 12 -5 6 -6 8 -7 -8 -11 -9 -3 -1
right_child=-2 2 -4 4 5 7 9 11 -10 10 -12 -13 -14 -15
leaf_value=0.025574673744437254 0.00040641643279597521 -0.017405318376769185 -0.014784538089181908 -0.016051662485722755 -0.0019962820272509695 -0.021166890996943636 0 -0.010631077123711117 0.054879065700475751 0.01045738439010712 0.077988391414007957 0.044530286190374739 0.025255663259703742 -0.014802256754018328
leaf_weight=3.0147916562855235 1548.0016795583069 25.660613730549816 40.408094022423029 11.734729558229445 8.7816419787704962 2.1221402511000615 3.6567443273961535 25.89018934965134 6.7805814035236835 2.974235836416482 8.0413141474127752 1.6834243983030308 3.0589292757213107 84.5085225738585
leaf_count=38 9626 488 342 163 118 34 55 339 73 28 77 17 32 1316
internal_value=-0.000443382 -0.00619482 -0.00181623 0.00346869 0.00981486 0.0151092 0.0296919 0.00511061 0.0361421 0.0477665 0.0623923 -0.00571779 -0.0120636 -0.0131044
internal_weight=1776.32 228.316 140.793 100.385 71.665 59.9303 23.4539 36.4763 8.90272 14.6723 11.0155 27.5736 28.7195 87.5233
internal_count=12746 3120 1766 1424 904 741 278 463 107 160 105 356 520 1354
is_linear=0
shrinkage=0.03


Tree=99
num_leaves=15
num_cat=0
split_feature=10 3 28 30 31 29 21 35 12 9 20 34 28 32
split_gain=8.45282 5.73209 17.4207 10.1881 9.05 12.565 13.8675 11.3344 17.2649 9.62631 9.7293 8.88735 12.4501 10.2724
threshold=0.00014532096913970959 1.0000000180025095e-35 0.0018161839132307957 0.0095443123666281698 0.012790937103140833 0.0086661573293181204 0.0030663962822060635 0.3544071754432202 0.0010624899956654602 0.00039946469270652239 0.0013952634880676235 0.92565820841051172 0.0070191563279325972 0.0073963680328567221
decision_type=2 2 2 2 2 2 2 2 2 2 2 2 2 2
left_child=-1 4 3 -3 5 6 -2 -7 -9 -8 -11 -12 13 -13
right_child=1 2 -4 -5 -6 7 9 8 -10 10 11 12 -14 -15
leaf_value=-0.019421471479014536 -0.0013000514286867194 -0.0084442683625444506 0.0022626340744666038 0.0016456408282966976 -0.0037834764918575126 -0.010621151593801437 0.033038247154436831 0.069704629361096657 0.014766928860451452 -0.017585401844321152 0.0057254942179882206 0.058373841957566397 -0.0060493209660502836 0.013430150569682692
leaf_weight=19.509454865008593 335.83746358379722 341.40458871051669 502.15168411284685 121.19094265252352 193.05197310447693 7.3446181938052169 12.424303032457827 6.3499114587903049 20.688451409339905 12.942850075662134 174.54759562760592 9.1013512462377602 8.3197450935840589 10.204890266060827
leaf_count=502 2893 3089 3231 686 1003 54 92 34 97 84 872 45 41 50
internal_value=-0.000273131 -4.76933e-05 -0.00160065 -0.00579659 0.00184267 0.00366797 0.00256792 0.0210261 0.0298018 0.00827065 0.00668004 0.00832715 0.023886 0.0365965
internal_weight=1775.07 1755.56 964.747 462.596 790.813 597.761 563.378 34.383 27.0384 227.541 215.116 202.174 27.626 19.3062
internal_count=12773 12271 7006 3775 5265 4262 4077 185 131 1184 1092 1008 136 95
is_linear=0
shrinkage=0.03


Tree=100
num_leaves=15
num_cat=0
split_feature=14 0 15 29 28 35 10 32 27 28 31 15 15 18
split_gain=7.26617 9.07614 9.862 8.25981 7.85921 7.3944 7.36824 15.3151 9.38717 10.0316 10.6098 9.0616 9.37106 8.7393
threshold=0.63082904058219158 1.0000000180025095e-35 2.0515853150874985 0.0076320092699172382 0.026429213115357734 0.37771634839317952 0.0014105604969487234 0.012310856832269358 0.0072630390552473343 -0.00047851492536743473 -0.014151216570885581 1.1315938863905637 2.8672503116714285 0.0022621560312820481
decision_type=2 2 2 2 2 2 2 2 2 2 2 2 2 2
left_child=1 2 -1 5 6 -2 7 8 9 10 -5 -11 -13 -9
right_child=3 -3 -4 4 -6 -7 -8 13 -10 11 -12 12 -14 -15
leaf_value=-0.0022913379821751555 -0.00798626861697865 -0.0016358669689090579 0.029082224966014741 0.018782907203077757 -0.0067182104562733313 -0.00096377097126093493 0.017646954848063591 0.0039360824315873314 -0.031729855663500103 -0.018202608113693865 -0.01494737095156419 0.033172193702727698 -0.0014890057544928031 -0.034488772254437347
leaf_weight=13.204058155417441 149.21098770201206 39.987644001841545 25.49438351765275 13.474094644188879 39.653293386101723 1352.5000287927687 48.461812287569046 8.4579925239086169 3.7382918596267691 3.9671089723706237 18.956608090549707 30.553922649472952 8.711633235216139 12.076107069849966
leaf_count=94 1685 265 157 73 187 9544 216 40 20 26 132 179 51 60
internal_value=-0.000505316 0.00834423 0.0185138 -0.000923873 0.004983 -0.00166838 0.0081538 0.00339134 0.00940353 0.0118623 -0.00070095 0.0211572 0.0255616 -0.0190745
internal_weight=1768.45 78.6861 38.6984 1689.76 188.051 1501.71 148.398 99.9358 79.4017 75.6634 32.4307 43.2327 39.2656 20.5341
internal_count=12729 516 251 12213 984 11229 797 581 481 461 205 256 230 100
is_linear=0
shrinkage=0.03


Tree=101
num_leaves=15
num_cat=0
split_feature=10 28 28 28 31 35 14 30 7 17 24 28 24 27
split_gain=7.72826 6.88464 12.3738 15.0517 8.16247 9.53067 13.2116 7.7565 10.4839 7.173 8.24554 7.16368 7.03892 6.93093
threshold=0.00018940626651848128 -0.00053920513921806845 -0.0014829264328128919 -0.0019433972237414829 -0.029590056090586733 0.77165183920070513 0.97582515246122059 0.0035930116394388657 0.0012479777544365802 0.00031651441109042949 0.59902233933748039 0.026429213115357734 0.29288874841978235 0.014645969342713562
decision_type=2 2 2 2 2 2 2 2 2 2 2 2 2 2
left_child=-1 2 3 4 5 -2 -7 -5 9 10 -9 13 -13 -3
right_child=1 11 -4 7 -6 6 -8 8 -10 -11 -12 12 -14 -15
leaf_value=-0.013891693624387295 0.028528863719552974 0.0018320043335984624 -0.014777793663934282 -0.022859711691722611 -0.0032565819919690457 -0.01116597199061185 0.041858130389453782 0.030667088392419516 -0.0099947723810739769 0.045643894063877991 -0.025477665870831723 0.018961797181594887 -0.0096564803341531256 0.017609548318483
leaf_weight=35.147206217050552 15.252053685486315 998.83798435330391 64.195299118757248 2.6947539076209095 481.44666960462928 20.839305028319362 4.2423620074987403 4.7831136398017469 5.7964196428656569 14.005540095269678 2.9852225072681904 7.6041963547468177 76.236739985644817 24.78032074868679
leaf_count=859 71 6608 569 45 3653 98 20 41 29 105 32 35 371 111
internal_value=-0.000162595 0.000123502 -0.00241397 -0.000946681 -0.00215941 0.0106265 -0.000821328 0.0192656 0.0241439 0.0334036 0.00830455 0.00153908 -0.0068326 0.0022337
internal_weight=1758.85 1723.7 616.241 552.045 521.78 40.3337 25.0817 30.265 27.5703 21.7739 7.76834 1107.46 83.8409 1023.62
internal_count=12647 11788 4663 4094 3842 189 118 252 207 178 73 7125 406 6719
is_linear=0
shrinkage=0.03


Tree=102
num_leaves=15
num_cat=0
split_feature=22 7 19 19 20 20 22 21 22 35 29 30 20 21
split_gain=8.96479 5.57276 6.66757 12.9057 9.64601 10.523 10.7388 11.8721 11.2634 13.0026 10.7246 11.0825 10.097 9.23933
threshold=0.00040438275048902434 0.0043264743283881755 0.0015553913735907826 0.0012916395178363654 0.0016219997520680173 0.001680180208306297 0.0017640141123472825 0.0041198040385477261 0.0015198828841742628 0.78924819964573911 0.0025423062468478267 0.0041807895807145024 0.0015293436040066265 0.0067074623652033103
decision_type=2 2 2 2 2 2 2 2 2 2 2 2 2 2
left_child=-1 2 3 4 12 6 8 -8 9 -6 11 -7 13 -2
right_child=1 -3 -4 -5 5 10 7 -9 -10 -11 -12 -13 -14 -15
leaf_value=-0.014770453196686278 -0.00020482514136666927 -0.020348425882790094 0.0030832160632433669 -0.0071157802481378362 -0.0056395452822638999 -0.0018086847498041032 -0.017213586827566449 0.031639538617276801 0.060122715492677968 0.045538719853831053 0.0011876530396697177 0.047094454703698205 -0.012484092951105183 0.049545452855909451
leaf_weight=34.277867589145899 520.96883554384112 10.449853807687758 635.81303576380014 227.7019994109869 10.070386387407785 7.0227836519479743 11.081592805683615 6.1081820577383033 7.6013309955596915 6.6540792286396018 215.37922493368387 8.6425183340907079 63.274664990603924 2.381125107407569
leaf_count=729 5389 47 3103 1350 75 40 71 32 48 45 1293 47 449 12
internal_value=0.000198455 0.000504583 0.000644549 -0.000780801 0.000900935 0.00555554 0.0192916 0.000765928 0.0317171 0.0159737 0.00300193 0.0261981 -0.00126238 0.000109864
internal_weight=1767.43 1733.15 1722.7 1086.89 859.185 272.56 41.5156 17.1898 24.3258 16.7245 231.045 15.6653 586.625 523.35
internal_count=12730 12001 11954 8851 7501 1651 271 103 168 120 1380 87 5850 5401
is_linear=0
shrinkage=0.03


Tree=103
num_leaves=15
num_cat=0
split_feature=19 28 19 30 30 29 26 32 10 28 32 31 11 11
split_gain=9.34484 7.07718 5.97226 7.27125 10.8234 10.4312 8.28868 6.44585 6.7759 10.9847 9.02086 9.11315 6.61066 10.4271
threshold=0.00049075111821813959 0.0079408187664226099 0.00053079546135888017 0.0053236985503621959 0.0033920870310450353 0.0012928206067409911 0.93856369270122031 0.0032043087810836647 0.00024649114100599366 -0.0038440008021159984 0.0021285549443904495 -9.9996027343285374e-05 0.0025652351382344789 0.0013598320313982228
decision_type=2 2 2 2 2 2 2 2 2 2 2 2 2 2
left_child=1 -1 3 4 5 -2 -5 8 9 -4 11 -11 13 -10
right_child=2 -3 7 6 -6 -7 -8 -9 12 10 -12 -13 -14 -15
leaf_value=-0.014591017235777387 -0.018930347357153408 0.037697880648060615 0.066543112359086873 0.0054450885545508556 -0.01399118908887469 0.059726323207374768 0.07203081855220328 0.00053671735273387187 -0.0053654590699750392 -0.015943111447142427 -0.015904485854449341 0.072097747193780426 0.0093987074224561439 -0.028143534911697063
leaf_weight=51.558869244530797 1.6246527172625089 1.4689342156052578 1.7315876632928837 3.616399534046649 10.329859834164379 3.5312009267508984 2.6921575665473938 1585.3545894287527 56.625338777899742 1.2121234349906447 8.5663840249180776 1.5661272555589665 13.074539974331854 26.357257161289454
leaf_count=1145 27 12 33 46 143 51 32 10047 674 26 149 21 77 245
internal_value=-0.000130116 -0.0124161 0.000254744 0.0155089 0.00342285 0.0354047 0.0402386 4.77467e-05 -0.00696855 0.0125292 -0.000194785 0.0388391 -0.00975543 -0.012885
internal_weight=1769.31 53.0278 1716.28 21.7943 15.4857 5.15585 6.30856 1694.49 109.133 13.0762 11.3446 2.77825 96.0571 82.9826
internal_count=12728 1157 11571 299 221 78 78 11272 1225 229 196 47 996 919
is_linear=0
shrinkage=0.03


Tree=104
num_leaves=15
num_cat=0
split_feature=20 33 28 20 21 22 24 14 14 19 17 34 17 33
split_gain=8.94699 5.78678 5.75696 6.27881 7.40699 7.08615 7.56937 6.98274 8.39443 6.87012 6.83136 6.42617 6.0027 5.82898
threshold=0.00078733113464726507 -0.0004183209021141957 0.032443747481518743 0.0039967465562053403 0.0065851255065167988 0.0066722639246317968 0.97046712512580513 0.74336334256686143 0.84742799482988096 0.0036744261260261732 0.0015815737828994705 0.57939816935968136 0.00355972784567038 -0.0022183825878113882
decision_type=2 2 2 2 2 2 2 2 2 2 2 2 2 2
left_child=1 -1 3 13 5 6 9 -6 10 -5 -9 -10 -4 -2
right_child=2 -3 12 4 7 -7 -8 8 11 -11 -12 -13 -14 -15
leaf_value=-0.025760553329210217 -0.0045432411462054071 -0.005448591739136391 -0.0038798253129575183 0.019401818861453628 -0.017973202530908398 0.046055194186464685 -0.021077426888308017 -0.0018430268999989181 -0.020173978890126478 -0.0082012699988161849 0.032972463925303397 0.0044521053261978843 -0.030242413625723871 0.0010294491992710443
leaf_weight=15.202995575964449 192.70697206258774 64.35579439252615 35.983646564185619 43.446779355406761 13.660550832748411 4.9841920584440222 5.0452745407819739 7.6039967387914684 12.101528123021124 9.1648494899272901 12.82411867380142 33.863517791032791 9.1968107521533948 1316.1597595028579
leaf_count=352 1309 1274 175 196 61 22 24 34 56 42 57 151 43 8972
internal_value=0.000127758 -0.00963886 0.000592882 0.000886155 0.00687941 0.0145216 0.0110058 0.000757114 0.00486494 0.0144742 0.0203918 -0.002259 -0.00984976 0.000313201
internal_weight=1776.3 79.5588 1696.74 1651.56 142.695 62.6411 57.6569 80.0537 66.3932 52.6116 20.4281 45.965 45.1805 1508.87
internal_count=12768 1626 11142 10924 643 284 262 359 298 238 91 207 218 10281
is_linear=0
shrinkage=0.03


Tree=105
num_leaves=15
num_cat=0
split_feature=19 28 35 17 19 12 35 15 28 22 15 24 31 7
split_gain=6.94989 9.81792 7.74685 7.08213 6.5268 6.55018 6.32793 7.59861 6.39354 6.25405 6.04084 5.66009 6.89754 6.21044
threshold=0.00049075111821813959 0.0039701177859921008 0.49183052563272706 0.0003420145646989004 0.00053079546135888017 0.00079450676961034306 0.3544071754432202 1.3002939530751758 0.032443747481518743 0.00070262447978529385 1.6198106764915303 0.8183984426460561 0.033401519373999829 0.00222687404351174
decision_type=2 2 2 2 2 2 2 2 2 2 2 2 2 2
left_child=1 -1 -3 -4 5 9 7 -6 -8 10 -2 12 -10 -14
right_child=4 2 3 -5 6 -7 8 -9 11 -11 -12 -13 13 -15
leaf_value=-0.016676110521441224 0.045153716454661902 -0.012598313329981384 0.065637690350666328 -0.0021744152877838877 0.0093445300936978327 0.047654758998704902 0.00070418384624856725 -0.0097514261341802404 -0.021067196595589241 -0.0106258518855961 0 -0.021048219066768761 0.029976116694807733 -0.006811301345756542
leaf_weight=43.733286771923304 4.3877678476274067 3.7703297324478608 2.5621566921472549 2.031785860657692 21.657436780631542 3.7238826155662528 1527.7106627523899 108.14676691219211 7.9079879298806217 8.6338586024939996 5.475909523665905 22.265445664525032 7.29399526119232 7.4249022901058197
leaf_count=1057 68 55 24 22 214 31 9919 963 39 114 89 111 35 34
internal_value=-0.000267672 -0.0109582 0.017206 0.0400825 5.96931e-05 0.0158584 -0.000153953 -0.00649531 0.000371357 0.00718748 0.0225988 -0.0106581 0 0.0119752
internal_weight=1776.73 52.0976 8.36427 4.59394 1724.63 22.2214 1702.41 129.804 1572.6 18.4975 9.86368 44.8923 22.6269 14.7189
internal_count=12775 1158 101 46 11617 302 11315 1177 10138 271 157 219 108 69
is_linear=0
shrinkage=0.03


Tree=106
num_leaves=15
num_cat=0
split_feature=35 30 12 11 30 25 8 23 29 29 35 22 18 3
split_gain=7.34536 5.60642 5.44381 5.3798 4.94264 11.7058 10.8797 9.13445 7.93227 7.43183 17.678 11.1559 6.36439 5.71318
threshold=0.3544071754432202 0.0024529907565682845 0.00012962853333675368 0.00070022403090835861 0.0031845986209796265 0.8354110707827348 0.00047846619242175597 0.00067822986864729594 0.0021104269650420557 0.0022240495898547836 1.3276487737194012 0.0021687187849116275 0.0012025572256670338 1.0000000180025095e-35
decision_type=2 2 2 2 2 2 2 2 2 2 2 2 2 2
left_child=-1 -2 3 -3 5 -4 -7 12 13 10 -10 -12 -8 -6
right_child=1 2 4 -5 8 6 7 -9 9 -11 11 -13 -14 -15
leaf_value=-0.0060412264204346561 -0.014188456954708368 0.001811119182430761 -0.0059325524023045011 0.058691779138342198 -0.02391320080245031 -0.011548830385473543 0.015273182332196274 0.012006236281630962 -0.0082398685978095389 0.00078342100672418368 0.062173594936412474 9.1512642672466596e-05 0.089765382453893178 -0.0015453784519296524
leaf_weight=152.20067935809493 21.042787909507751 3.4312424249947062 14.232264207676055 1.9281478859484193 18.757182840257883 3.4977097380906335 2.0987923778593522 5.1567163988947868 11.479675494134428 1501.4796769991517 7.4206676445901376 3.9168582111597061 3.5409824661910534 22.373461473733187
leaf_count=1644 470 75 207 23 181 62 33 41 110 9576 51 18 29 238
internal_value=0.000235588 0.000830385 0.00103861 0.0287581 0.000925556 0.013092 0.0313797 0.0453415 0.000693717 0.00104979 0.0176831 0.0427147 0.0689709 -0.0121427
internal_weight=1772.56 1620.36 1599.31 5.35939 1593.95 28.5265 14.2942 10.7965 1565.43 1524.3 22.8172 11.3375 5.63977 41.1306
internal_count=12758 11114 10644 98 10546 372 165 103 10174 9755 179 69 62 419
is_linear=0
shrinkage=0.03


Tree=107
num_leaves=15
num_cat=0
split_feature=30 19 20 28 28 3 28 22 22 27 25 17 28 15
split_gain=5.7943 4.2695 12.1268 7.91112 9.53279 11.0655 9.65567 9.48916 14.9542 9.23469 8.79019 8.54183 9.81124 9.63151
threshold=0.0024529907565682845 0.004126211207973649 0.0048234755313820129 0.010754939587604874 0.0031311457571936434 1.0000000180025095e-35 0.0015992601046730395 0.0021082717170091661 0.0018585815739338455 -0.0060186361281993608 0.32972023666579559 -0.00073478235870505493 0.0018161839132307957 2.3022077268432004
decision_type=2 2 2 2 2 2 2 2 2 2 2 2 2 2
left_child=-1 2 3 4 5 6 -2 8 -5 10 -7 13 -13 -11
right_child=1 -3 -4 7 -6 9 -8 -9 -10 11 -12 12 -14 -15
leaf_value=-0.014636994232084661 0.0048361618540770203 -0.010494391392252776 0.013526469746954125 -0.0037789334459028684 0.0043642457012381683 0.049034253150627961 -0.0084933557539982156 -0.0091682242262683643 0.019515624700390883 0 0.0045187539202300687 -0.0073451906624696518 0.00561765515361451 0.043254359976440802
leaf_weight=23.353131366893649 328.52978500537574 32.586926773190498 59.255140826106071 114.55032341182232 454.34519566968083 4.0974054187536266 56.364705424755812 172.29785621166229 30.564067021012306 15.013776376843454 20.554516665637493 402.65656606294215 59.398906253278255 5.7713647559285155
leaf_count=537 2596 147 264 730 2870 23 441 840 160 93 112 3494 488 33
internal_value=-0.000103231 9.65694e-05 0.000304538 -0.000172294 0.000830732 -0.000967816 0.00285944 -0.00442665 0.00120683 -0.00387631 0.0136577 -0.00480411 -0.00566376 0.0135511
internal_weight=1779.34 1755.99 1723.4 1664.14 1346.73 892.387 384.894 317.412 145.114 507.493 24.6519 482.841 462.055 20.7851
internal_count=12828 12291 12144 11880 10150 7280 3037 1730 890 4243 135 4108 3982 126
is_linear=0
shrinkage=0.03


Tree=108
num_leaves=15
num_cat=0
split_feature=22 34 32 22 34 34 14 35 36 31 11 35 20 25
split_gain=6.57676 5.03258 12.6101 7.40429 7.10804 17.2055 9.49911 9.7876 12.7625 9.85215 8.68224 8.17923 9.41616 14.425
threshold=0.00040438275048902434 0.92028293027533747 0.0042428161247770749 0.0009342243679221695 0.68702594429718811 0.57939816935968136 0.62818064650928984 0.61237683354033134 0.50416245505629875 -0.029590056090586733 0.0026160227075314739 1.1414815080419958 0.0011903474465020973 0.97272581131763125
decision_type=2 2 2 2 2 2 2 2 2 2 2 2 2 2
left_child=-1 4 3 -3 5 -2 -6 8 -8 10 -9 -11 13 -13
right_child=1 2 -4 -5 6 -7 7 9 -10 11 -12 12 -14 -15
leaf_value=-0.012371429750229338 -0.00046090021695471372 0.0043597858435946686 0.008273778225188955 -0.027086315077740539 0.015513565071955754 0.008825919701406712 -0.0035488371364198268 0.051600616679460587 -0.021278513875789485 0.0034059073631341964 0.0033041389880957878 -0.0062751521697662748 -0.0064060288087049175 0.059121706460691731
leaf_weight=33.008398395031691 658.0845170263201 11.116883678361775 176.28605288267136 14.723578009754418 25.464912546798587 245.59307802654803 126.81347770057619 5.015707552433013 50.972071666270494 187.76833659410477 8.2258275747299177 6.8694564960896951 219.33621744066477 4.1217772737145424
leaf_count=725 4764 171 999 137 162 1656 1141 24 409 1282 35 80 1154 40
internal_value=0.000688978 0.000945368 0.00538462 -0.0137876 0.000356987 0.00206664 -0.00207232 -0.00283665 -0.0087394 -0.000382176 0.0241475 -0.00122198 -0.00500612 0.0208841
internal_weight=1773.4 1740.39 202.127 25.8405 1538.27 903.678 634.588 609.123 177.786 431.337 13.2415 418.096 230.327 10.9912
internal_count=12779 12054 1307 308 10747 6420 4327 4165 1550 2615 59 2556 1274 120
is_linear=0
shrinkage=0.03


Tree=109
num_leaves=15
num_cat=0
split_feature=20 20 25 28 14 21 31 20 31 19 19 28 36 14
split_gain=7.33051 7.40152 7.88044 7.14674 6.77432 8.48755 6.3396 6.10589 11.4087 12.9452 12.0748 10.032 10.9777 12.9397
threshold=0.00078733113464726507 0.00082506307970902227 0.71777394866925293 0.0066734054676321217 0.63392077990634832 0.0011014162052603862 -0.014987717248852393 0.0048234755313820129 0.014376173068167243 0.0028318475139253968 0.0023112251496526337 0.0028713696264247583 0.82615112239607147 0.82046900679602552
decision_type=2 2 2 2 2 2 2 2 2 2 2 2 2 2
left_child=3 2 -2 -1 5 -3 -7 8 9 10 11 -6 -13 -14
right_child=1 4 -4 -5 7 6 -8 -9 -10 -11 -12 12 13 -15
leaf_value=-0.011018200590471138 -0.0035201987104897916 -0.015132459063574894 0.038953558600873468 0.029250300320592528 -0.0020360965933012005 -0.011021149254431151 0.016078119027101125 0.007602774007854458 -0.0064584963457062512 -0.018275656671663566 0.012657587877303183 -0.00068116381117033829 -0.00085455118847470367 0.014113200841614425
leaf_weight=73.967672448605299 6.4130615815520278 10.536993496119974 8.1532974652945978 3.2060983665287486 684.52797012776136 8.0551845356821996 59.942318588495255 84.868238642811775 250.19169204682112 31.044041454792023 74.534284345805645 246.04694804921746 82.393962237983942 137.67632273212075
leaf_count=1591 97 87 105 31 5276 45 352 379 1365 147 346 1644 453 806
internal_value=2.481e-05 0.000443049 0.0210363 -0.00895414 0.00024913 0.00879438 0.0127112 -0.000175978 -0.000620959 0.000543481 0.00103729 0.00027163 0.00366423 0.00851721
internal_weight=1761.56 1684.38 14.5664 77.1738 1669.82 78.5345 67.9975 1591.28 1506.42 1256.22 1225.18 1150.65 466.117 220.07
internal_count=12724 11102 202 1622 10900 484 397 10416 10037 8672 8525 8179 2903 1259
is_linear=0
shrinkage=0.03


Tree=110
num_leaves=15
num_cat=0
split_feature=20 28 23 32 26 30 18 20 26 34 28 18 19 20
split_gain=6.71631 7.16725 6.71382 13.9277 10.4749 4.68575 5.66362 4.0707 10.8171 7.70654 7.87915 7.12103 5.72626 4.21012
threshold=0.00078733113464726507 0.0066734054676321217 0.0004323868514499825 0.0018933534762183965 1.3649241595004027 0.006512648238916478 0.0017938135423348214 0.00083541018804649035 0.81958458311166738 0.59100693768402446 0.0026409875361531614 0.0012445807382366893 0.00066082337735889625 0.0048234755313820129
decision_type=2 2 2 2 2 2 2 2 2 2 2 2 2 2
left_child=1 2 -1 4 -4 6 -5 8 12 -10 11 -11 -2 -9
right_child=7 -3 3 5 -6 -7 -8 13 9 10 -12 -13 -14 -15
leaf_value=-0.016514147610807609 -0.020822640203082825 0.029702062586302751 0.073643213789296447 -0.024965282494048783 -0.00072566870689830666 0.027790500708682591 0.018791207816688395 -0.00027571336947443702 -0.0058937383043191375 0.08919690923752685 -0.00019110208122808401 0.0047048037332997538 0.027943669166770067 0.0064288763354709297
leaf_weight=52.572804681956768 7.2319387868046778 3.1707623675465575 2.6830026339739588 12.410499876365067 2.9908432606607676 1.484102141112088 2.4613416492938986 1592.1070548705757 2.5678626708686334 3.1502132527530193 1.8695127293467519 1.3928393423557279 1.955215126276016 87.990907371044159
leaf_count=1207 112 30 58 234 59 25 33 10506 37 35 19 19 28 391
internal_value=-0.000159428 -0.00872397 -0.0107681 0.00293587 0.039757 -0.0112192 -0.0168068 0.00023593 0.0139838 0.0357567 0.0513851 0.069356 -0.00842543 7.72535e-05
internal_weight=1776.04 77.7734 74.6026 22.0298 5.67385 16.3559 14.8718 1698.27 18.1676 8.98043 6.41257 4.54305 9.18715 1680.1
internal_count=12793 1646 1616 409 117 292 267 11147 250 110 73 54 140 10897
is_linear=0
shrinkage=0.03


Tree=111
num_leaves=15
num_cat=0
split_feature=36 34 30 29 18 27 27 7 32 32 18 19 22 34
split_gain=5.64557 5.77261 10.5919 15.0346 8.82509 6.8329 31.4986 9.29946 7.23004 8.19088 13.3461 12.9054 12.6085 10.741
threshold=0.20131362800622038 0.13271556915881044 0.0076692631198051068 0.0045741082893492567 0.00042575374059194987 0.0008879520486275162 0.00092993616170949933 0.00093531000404639697 0.0039544048897908182 0.0047171855332822105 0.00024125476832204121 0.00083757554008528077 0.00071599846905863083 0.51927926734832597
decision_type=2 2 2 2 2 2 2 2 2 2 2 2 2 2
left_child=-1 2 4 -4 -2 -3 7 -7 -8 10 11 12 -10 -12
right_child=1 5 3 -5 -6 6 8 -9 9 -11 13 -13 -14 -15
leaf_value=-0.018766224697184478 0.035546662319163091 -0.0028162313966897524 0.060776029010184099 0.010126348967761 -0.010270880702171229 0.062459258717687885 -0.0069365418048836121 -0.0019733228469665815 0.0032408201477461211 0.00053634788106486837 0.037407800041192492 -9.7415599540242093e-05 0.078469903425116047 0.00024136914062122027
leaf_weight=13.489811757579444 3.3456172123551395 620.12142828293145 5.5031151771545401 32.749480292201042 28.046994021162391 8.6721222326159459 102.51650362275541 2.3585506454110137 3.0713754370808584 864.78085058555007 6.9195663854479781 5.7037838175892821 5.9061368033289909 61.74366257339716
leaf_count=206 53 5101 40 194 270 82 1236 13 35 4853 49 42 54 499
internal_value=-0.000116852 3.57031e-05 0.00843832 0.0188521 -0.00434871 -0.000315285 0.00114397 0.0494142 0.00058782 0.00141101 0.0103369 0.0353584 0.0559376 0.00451311
internal_weight=1764.93 1751.44 69.6452 38.2526 31.3926 1681.79 1061.67 11.0307 1050.64 948.125 83.3445 14.6813 8.97751 68.6632
internal_count=12727 12521 557 234 323 11964 6863 95 6768 5532 679 131 89 548
is_linear=0
shrinkage=0.03


Tree=112
num_leaves=15
num_cat=0
split_feature=35 36 36 18 31 32 31 36 32 34 12 8 35 34
split_gain=7.62977 8.62982 17.7156 8.87982 15.034 11.3707 12.5275 9.16112 10.6924 8.81186 8.7649 8.31683 7.99006 7.93244
threshold=0.3544071754432202 0.51594350283813217 0.62097106499751764 0.00018278961946011088 -0.013376994913155913 0.0045969584944392109 0.0037872345344747154 0.50714545014111045 0.0044196050654012426 0.29911743372167754 0.00036807141755614855 0.0029629398655849353 0.62409741054571277 0.12510874141893766
decision_type=2 2 2 2 2 2 2 2 2 2 2 2 2 2
left_child=-1 3 11 4 -2 6 9 10 -9 -6 -5 13 -4 -3
right_child=1 2 12 7 5 -7 -8 8 -10 -11 -12 -13 -14 -15
leaf_value=-0.0060646201594164815 0.067951798420255421 0.023468601122953115 0.028682226292791099 -0.015913444322802801 0.052591174062331381 -0.007811875130562116 0.058757995130200809 0.069095490143403673 0.008142549736547185 -0.0045475239659275805 0.0041513629435541016 0.010731835766034755 0.0010392534398060086 -0.013072683834298908
leaf_weight=149.76194952614605 4.0362428575754157 4.6152693107724181 8.498016241937874 20.698231426998973 2.0773635022342232 14.74315172806382 6.0336258709430686 3.0323058627545825 8.5583415888249856 10.614743860438464 198.85183564014733 15.667433470487593 1187.2599258888513 137.38960531167686
leaf_count=1647 25 45 60 327 24 110 54 31 56 152 1500 75 7502 1174
internal_value=0.000388584 0.000989608 1.09704e-05 0.00589051 0.0192583 0.011498 0.0264784 0.0036349 0.0285484 0.00774343 0.00218256 -0.00940598 0.00126202 -0.0117083
internal_weight=1771.84 1622.08 1353.43 268.646 37.5051 33.4689 18.7257 231.141 11.5906 12.6921 219.55 157.672 1195.76 142.005
internal_count=12782 11135 8856 2279 365 340 230 1914 87 176 1827 1294 7562 1219
is_linear=0
shrinkage=0.03


end of trees

feature_importances:
tf_1m_atr_pct_14=142
tf_1h_side_return_5=134
tf_5m_atr_pct_14=100
tf_1h_side_sma_gap_20=100
tf_1h_side_close_location=80
tf_1h_volume_ratio_20=70
tf_5m_realized_vol_20=68
tf_1h_atr_pct_14=68
tf_5m_range_pct=65
tf_5m_side_return_5=60
tf_1h_realized_vol_20=55
tf_1h_side_return_1=54
tf_1m_realized_vol_20=53
tf_5m_side_sma_gap_20=49
tf_1h_range_pct=49
tf_5m_side_return_1=48
tf_5m_side_close_location=46
tf_1h_quote_volume_ratio_20=43
tf_1m_range_pct=35
tf_5m_volume_ratio_20=34
tf_1h_side_body_pct=31
tf_1m_side_close_location=29
tf_1m_side_return_1=28
tf_1m_side_sma_gap_20=28
tf_1m_volume_ratio_20=28
tf_1m_side_return_5=22
signal_reason_bucket_0=15
tf_5m_quote_volume_ratio_20=15
tf_5m_side_body_pct=12
signal_side=9
tf_1m_quote_volume_ratio_20=6
tf_1m_side_body_pct=4
signal_reason_bucket_1=1
signal_reason_bucket_3=1

parameters:
[boosting: gbdt]
[objective: binary]
[metric: binary_logloss]
[tree_learner: serial]
[device_type: cpu]
[data_sample_strategy: bagging]
[data: ]
[valid: ]
[num_iterations: 500]
[learning_rate: 0.03]
[num_leaves: 15]
[num_threads: 1]
[seed: 17]
[deterministic: 1]
[force_col_wise: 1]
[force_row_wise: 0]
[histogram_pool_size: -1]
[max_depth: -1]
[min_data_in_leaf: 20]
[min_sum_hessian_in_leaf: 0.001]
[bagging_fraction: 0.85]
[pos_bagging_fraction: 1]
[neg_bagging_fraction: 1]
[bagging_freq: 1]
[bagging_seed: 17]
[bagging_by_query: 0]
[feature_fraction: 0.85]
[feature_fraction_bynode: 1]
[feature_fraction_seed: 17]
[extra_trees: 0]
[extra_seed: 13015]
[early_stopping_round: 0]
[early_stopping_min_delta: 0]
[first_metric_only: 0]
[max_delta_step: 0]
[lambda_l1: 0.1]
[lambda_l2: 1]
[linear_lambda: 0]
[min_gain_to_split: 0]
[drop_rate: 0.1]
[max_drop: 50]
[skip_drop: 0.5]
[xgboost_dart_mode: 0]
[uniform_drop: 0]
[drop_seed: 30017]
[top_rate: 0.2]
[other_rate: 0.1]
[min_data_per_group: 100]
[max_cat_threshold: 32]
[cat_l2: 10]
[cat_smooth: 10]
[max_cat_to_onehot: 4]
[top_k: 20]
[monotone_constraints: ]
[monotone_constraints_method: basic]
[monotone_penalty: 0]
[feature_contri: ]
[forcedsplits_filename: ]
[refit_decay_rate: 0.9]
[cegb_tradeoff: 1]
[cegb_penalty_split: 0]
[cegb_penalty_feature_lazy: ]
[cegb_penalty_feature_coupled: ]
[path_smooth: 0]
[interaction_constraints: ]
[verbosity: -1]
[saved_feature_importance_type: 0]
[use_quantized_grad: 0]
[num_grad_quant_bins: 4]
[quant_train_renew_leaf: 0]
[stochastic_rounding: 1]
[linear_tree: 0]
[max_bin: 255]
[max_bin_by_feature: ]
[min_data_in_bin: 3]
[bin_construct_sample_cnt: 200000]
[data_random_seed: 17]
[is_enable_sparse: 1]
[enable_bundle: 1]
[use_missing: 1]
[zero_as_missing: 0]
[feature_pre_filter: 1]
[pre_partition: 0]
[two_round: 0]
[header: 0]
[label_column: ]
[weight_column: ]
[group_column: ]
[ignore_column: ]
[categorical_feature: ]
[forcedbins_filename: ]
[precise_float_parser: 0]
[parser_config_file: ]
[objective_seed: 20363]
[num_class: 1]
[is_unbalance: 0]
[scale_pos_weight: 1]
[sigmoid: 1]
[boost_from_average: 1]
[reg_sqrt: 0]
[alpha: 0.9]
[fair_c: 1]
[poisson_max_delta_step: 0.7]
[tweedie_variance_power: 1.5]
[lambdarank_truncation_level: 30]
[lambdarank_norm: 1]
[label_gain: ]
[lambdarank_position_bias_regularization: 0]
[eval_at: ]
[multi_error_top_k: 1]
[auc_mu_weights: ]
[num_machines: 1]
[local_listen_port: 12400]
[time_out: 120]
[machine_list_filename: ]
[machines: ]
[gpu_platform_id: -1]
[gpu_device_id: -1]
[gpu_device_id_list: ]
[gpu_use_dp: 0]
[num_gpu: 1]

end of parameters

pandas_categorical:null
